cvn,imoNumber,vesselName,builtDate,vesselTypeTopLevelType,vesselTypeMidLevelType,detailedVesselType,flagOfRegistry,ageYear,mmsiMaritimeMobileServiceIdentity,classSociety,mainStatus,detailedStatus,grossTonnage,deadweightTonnes,lengthOverallMetres,draftMetres,beamMetres,lightDisplacement,ownerCompanyId,owner,ownerNationalityRegion,groupOwnerCompanyId,groupOwner,groupOwnerCountryRegion,registeredOwnerCompany,builderCompanyId,builder,builderCountryRegion,specificSize,specificUnit,callSign,sisterVesselCode,contractDate,compensatedGrossTonnage,yard,operatorCompanyId,operator,operatorCountryRegion,managerCompanyId,technicalManager,technicalManagerCountryRegion,cargoCapacityCubicMetres,tanksTotal,pumpsTotal,coatedTanksFitted,imoClass,iceClassNotation,iceClassed,speedKnots,powerType,mainEngineFuelType,mainEngineSummary,auxiliarySummary,propulsorSummary,environmentalSummary,ballastWaterTreatmentSystemFitted,mainEngineLngReady,hullSurveyDueDate,lastHullSurveyDate,mainEngines,auxiliaryEngines,positionalThrusters,propulsion,environmentalEquipment,globalZonePercentageTimeSpent,timeseries,bespokeData,vehicleDecksNo,vehicleCapacity,teuTotalCapacity,gearedIndicator,homogenousTeuCapacity,reeferTeuTotal,consumptionTonnesPerDay,mainEngineEcoMeEngine,newbuildingPrice,newbuildingPriceCurrency,exName,shipDesign,holdsTotal,hatchesTotal,greatLakesOnly,soxScrubberFitted,laneLengthMetres,passengersTotalNo,passengerBerths,heavyLiftCapable,tankTempCelcius,cargoContainmentSystemType,mainEngineLngCapable,alternativeFuelTypes,tankPressureKgfSqCm,noxAbatementIndicator
15694997,9315903.0,Bosporos,2007-08-01T00:00:00,Products Tankers,"Handy (25,000-39,999 dwt)",Chemical & Oil Carrier,Marshall Is.,15.5,538008904.0,DNV,Fleet,In Service,23310,37275.0,182.55,11.217,27.4,,448480,Tsakos Energy Nav,Greece,448477,Tsakos Group,Greece,BOSPOROS MARINE COMPANY LTD,392961,Hyundai Mipo,South Korea,37275.0,DWT,V7A2889,76605.002,2004-02-27T00:00:00,21204.4756,Hyundai Mipo,448480.0,Tsakos Energy Nav,Greece,149297.0,Tsakos Shpg & Trdg,Greece,41408.0,12.0,12.0,True,2.0,1B,True,14.5,Diesel 2-Stroke,VLS IFO,1 x Diesel - MAN B. & W. 6S50MC-C8.1,3 x Aux. Diesel Gen. - Yanmar,"1 x HHI-EMD (HiMSEN), FP Propeller, 127rpm ",2 x BWTS - Ballast Water Treatment System (Pending) - TechCross,True,False,2023-07-08T00:00:00,2017-12-04T00:00:00,[],[],[],[],[],[],[],,,,,,,,,,,,,,,,,,,,,,,,,,,
16022089,9367592.0,Morning Ninni,2008-09-01T00:00:00,Pure Car Carriers,"Pure Car Carriers (4,000-5,999 Vehicles)",Pure Car Carrier,Singapore,14.41667,563610000.0,Nippon Kaiji Kyokai,Fleet,In Service,51917,17372.0,179.9,9.6,32.2,,232061,Libera Corporation,Japan,232061,Libera Corporation,Japan,OCEAN (PCTC) PTE LTD,396251,Tsuneishi Tadotsu SB,Japan,5340.0,Cars,9VHC3,72888.003,2005-08-26T00:00:00,29978.36696,Tsuneishi Tadotsu SB,406448.0,Eukor Car Carriers,South Korea,861283.0,Laurel Ship Man,Singapore,,,,,,,,20.0,Diesel 2-Stroke,VLS IFO,1 x Diesel - MAN B. & W. 7S60MC-C7.1,3 x Aux. Diesel Gen. - Yanmar,"1 x Propeller, 100rpm ",1 x BWTS - Ballast Water Treatment System - SunRui,True,False,2023-10-02T00:00:00,2018-09-09T00:00:00,[],[],[],[],[],[],[],,12.0,5340.0,,,,,,,,,,,,,,,,,,,,,,,,
16041569,9532795.0,APL Antwerp,2013-05-01T00:00:00,Containerships,"Neo-Panamax Containership 8,000-11,999 TEU",Fully Cellular Container,Malta,9.75,248633000.0,Nippon Kaiji Kyokai,Fleet,In Service,87865,90799.0,320.37,14.0,45.6,,346656,Nissen Kaiun,Japan,346656,Nissen Kaiun,Japan,Argosy Pte Ltd,403205,Koyo Dock,Japan,8100.0,TEU,9HA4736,78636.002,2006-05-12T00:00:00,43706.74076,Koyo Dock,198866.0,APL,Singapore,623247.0,Synergy Maritime,India,,,,,,,False,26.0,Diesel 2-Stroke,VLS IFO,1 x Diesel - MAN B. & W. 11K98ME7.2,"1 x Aux. Steam Turb. Gen. - Shinko, 4 x Aux. Diesel Gen. - Daihatsu","1 x FP Propeller, 94rpm ",,,False,2028-05-16T00:00:00,2023-04-28T00:00:00,[],[],[],[],[],[],[],,,,8100.0,False,4494.0,1000.0,240.0,Eco – Electronic Engine,,,,,,,,,,,,,,,,,,
16045417,9492270.0,Anita Garibaldi,2015-06-01T00:00:00,Crude Tankers,"Panamax Dirty (55,000-84,999 dwt)",Tanker,Brazil,7.66667,710001359.0,Bureau Veritas,Fleet,In Service,44797,72786.0,228.0,12.0,40.0,,527031,Transpetro,Brazil,583119,Petrobras,Brazil,Petrobras Transporte S/A - Transpetro / Fronape,451806,Estaleiro Maua,Brazil,72786.0,DWT,PPYA,72115.001,2006-06-27T00:00:00,21500.72616,Estaleiro Maua,527031.0,Transpetro,Brazil,527031.0,Transpetro,Brazil,88848.0,12.0,,,,,,15.0,Diesel 2-Stroke,VLS IFO,1 x Diesel - MAN B. & W. 6S60MC-C7.2,3 x Aux. Diesel Gen. - MAN Energy Solutions,"1 x Silla Metal, FP Propeller, 105rpm ",1 x BWTS - Ballast Water Treatment System (Pending) - S&SYS(Samsung HI),True,False,2025-08-31T00:00:00,2021-01-21T00:00:00,[],[],[],[],[],[],[],,,,,,,,,,87.25,$m,,,,,,,,,,,,,,,,
16070598,9437103.0,LC Athos,2011-05-01T00:00:00,Bulkcarriers,Panamax Bulker,Bulk Carrier,Liberia,11.75,636022413.0,RINA,Fleet,In Service,47984,87431.0,229.0,14.22,36.8,,1000137,Carbonmall Coal,U.A.E.,1000137,Carbonmall Coal,U.A.E.,ELSI SHIPPING 1 LTD,983412,Hudong Zhonghua,China P.R.,87431.0,DWT,5LIQ9,72882.015,2007-02-09T00:00:00,20790.59083,Hudong Zhonghua,1000137.0,Carbonmall Coal,U.A.E.,998540.0,Clan Shipmanagt,Turkey,,,,,,,False,14.5,Diesel 2-Stroke,VLS IFO,1 x Diesel - Wartsila 2-stroke 5RT-flex58T-D,3 x Aux. Diesel Gen. - Yanmar,"1 x FP Propeller, 105rpm ",1 x BWTS - Ballast Water Treatment System - ERMA FIRST,True,False,2026-05-24T00:00:00,2022-11-04T00:00:00,[],[],[],[],[],[],[],,,,,False,,,,Eco – Electronic Engine,,,Athanassios G.O.,Hudong 87K,7.0,7.0,False,,,,,,,,,,,
16080647,9445409.0,Glovis Solomon,2011-07-01T00:00:00,Pure Car Carriers,"Pure Car Carriers (6,000 & Above Vehicles)",Pure Car Carrier,South Korea,11.58333,441310000.0,Korean Register of Shipping,Fleet,In Service,72408,26988.0,232.39,10.0,32.26,21064.0,599920,Hyundai Glovis,South Korea,784915,Hyundai Motor Group,South Korea,"HYUNDAI GLOVIS CO., LTD.",392961,Hyundai Samho HI,South Korea,7538.0,Cars,D7GS,73125.003,2007-04-16T00:00:00,37839.19124,Hyundai Samho HI,599920.0,Hyundai Glovis,South Korea,625788.0,G-Marine Service,South Korea,,,,,,,,20.0,Diesel 2-Stroke,IFO 380,1 x Diesel - MAN B. & W. 8S60ME-C8.2,3 x Aux. Diesel Gen. - HHI-EMD (HiMSEN),"1 x HHI-EMD (HiMSEN), FP Propeller, 105rpm ","1 x Exhaust Scrubber - SOx - Hyundai Materials, 1 x BWTS - Ballast Water Treatment System - TechCross",True,False,2026-07-10T00:00:00,2021-09-30T00:00:00,[],[],[],[],[],[],[],,12.0,7538.0,,,,,,Eco – Electronic Engine,90.0,$m,C Ladybug,,,,,True,,,,,,,,,,
16081073,9443554.0,Bore Sea,2011-04-01T00:00:00,RoRo,"Ro-Ro (10,000 & Above dwt tonnes)",Ro-Ro,Netherlands,11.83333,244130689.0,Lloyd's Register,Fleet,In Service,25586,13375.0,195.4,7.4,26.5,,290740,Bore Ltd,Netherlands,346322,Spliethoff,Netherlands,Bore Sea Rederij,989558,Flensburger SB,Germany,2900.0,Lane m.,PDFR,73138.001,2007-04-19T00:00:00,19151.00138,Flensburger SB,295903.0,P&O Ferries,United Kingdom,290740.0,Bore Ltd,Finland,,,,,,1A,True,19.0,Diesel 4-Stroke,IFO 380,1 x Diesel - Wartsila 4-stroke 12V46F,2 x Aux. Diesel Gen.,1 x CP Propeller,"1 x Exhaust Scrubber - SOx - Langh Tech, 1 x BWTS - Ballast Water Treatment System - Hyde Marine",True,False,2026-04-28T00:00:00,2021-04-24T00:00:00,[],[],[],[],[],[],[],,3.0,,46.0,,,,43.0,,50.0,EURm,,,,,,True,2900.0,12.0,12.0,,,,,,,
16088306,9441582.0,Glovis Clipper,2012-02-01T00:00:00,Pure Car Carriers,"Pure Car Carriers (6,000 & Above Vehicles)",Pure Car Carrier,Bahamas,11.0,311054400.0,DNV,Fleet,In Service,58767,20434.0,199.95,10.0,32.26,,337054,Ray Car Carriers,Israel,337054,Ray Car Carriers,Israel,CLIPPER MARITIME LIMITED,392961,Hyundai Mipo,South Korea,6697.0,Cars,C6ZE8,73069.006,2007-05-29T00:00:00,32695.25461,Hyundai Mipo,599920.0,Hyundai Glovis,South Korea,337067.0,Stamco Ship Mngt.,Greece,,,,,,,,13.9,Diesel 2-Stroke,VLS IFO,1 x Diesel - MAN B. & W. 7S60MC-C7.2,3 x Aux. Diesel Gen. - HHI-EMD (HiMSEN),"1 x HHI-EMD (HiMSEN), FP Propeller, 105rpm ",1 x BWTS - Ballast Water Treatment System - ERMA FIRST,True,False,2027-02-14T00:00:00,2022-05-31T00:00:00,[],[],[],[],[],[],[],,12.0,6697.0,,,,,,,77.0,$m,,,,,,,,,,,,,,,,
16101201,9467421.0,MSC Maria Saveria,2011-10-01T00:00:00,Containerships,"Neo-Panamax Containership 12,000-16,999 TEU",Fully Cellular Container,Panama,11.33333,372400000.0,DNV,Fleet,Repairs,140096,139419.0,365.82,15.0,48.4,,333964,Niki Shpg Co Inc,Greece,333964,Niki Shpg Co Inc,Greece,Compania Naviera Maria Saveria S.A.,998874,STX SB (Jinhae),South Korea,12400.0,TEU,3FLE8,73589.004,2007-08-10T00:00:00,60023.74676,STX SB (Jinhae),267571.0,MSC,Switzerland,845696.0,Med Shpg Co,Italy,,,,,,,False,25.5,Diesel 2-Stroke,IFO 380,1 x Diesel - MAN B. & W. 12K98MC-C7.2,4 x Aux. Diesel Gen. - MAN Energy Solutions,"1 x MMG, FP Propeller, 104rpm ","3 x Exhaust Scrubber - SOx - PANASIA, 1 x BWTS - Ballast Water Treatment System",True,False,2026-10-25T00:00:00,2022-01-24T00:00:00,[],[],[],[],[],[],[],,,,12400.0,False,,1600.0,270.0,,159.0,$m,,STX 13000TEU,,,,True,,,,,,,,,,
16103821,9468932.0,Finnwave,2012-11-01T00:00:00,RoRo,"Ro-Ro (10,000 & Above dwt tonnes)",Ro-Ro,Finland,10.25,230632000.0,RINA,Fleet,In Service,33816,14500.0,205.07,6.8,26.5,,129310,Finnlines Plc,Italy,119166,Grimaldi Group,Italy,Finnlines Plc,729466,CSC Jinling Shipyard,China P.R.,3326.0,Lane m.,OJPT,73639.006,2007-08-24T00:00:00,22829.53082,CSC Jinling Shipyard,129310.0,Finnlines Plc,Finland,129310.0,Finnlines Plc,Finland,,,,,,IA,True,21.0,Diesel 4-Stroke,IFO 380,2 x Diesel - Wartsila 4-stroke 8L46F,2 x Aux. Diesel Gen.,"2 x Wartsila Propulsion, CP Propeller","1 x Exhaust Scrubber - SOx - Wartsila Moss, 1 x BWTS - Ballast Water Treatment System - DESMI",True,False,2027-11-27T00:00:00,2022-10-21T00:00:00,[],[],[],[],[],[],[],,4.0,900.0,470.0,,,,,,54.5,$m,,,,,,True,3326.0,,,,,,,,,
16117099,9483126.0,Seabourn Quest,2011-05-01T00:00:00,Cruise,Cruise <500 Berths,Cruise Ship,Bahamas,11.75,311038900.0,Lloyd's Register,Fleet,In Service,32477,3666.0,197.0,6.9,26.0,,462644,Seabourn Cruise Line,United States,258166,Carnival Corporation,United States,Seabourn Cruise Line Ltd,389282,T. Mariotti,Italy,462.0,Berths,C6YZ5,72496.003,2007-11-08T00:00:00,51635.92206,T. Mariotti,462644.0,Seabourn Cruise Line,United States,258124.0,Holland America Line,United States,,,,,,,,19.0,Diesel Electric,VLS IFO,4 x Diesel Gen. - Wartsila 4-stroke 12V32B3,,"2 x Wartsila Propulsion, FP Propeller, 170rpm ",1 x BWTS - Ballast Water Treatment System - Hyde Marine,True,False,2026-05-27T00:00:00,2021-05-28T00:00:00,[],[],[],[],[],[],[],,,,,,,,,,290.0,$m,,,,,,,,462.0,462.0,,,,,,,
16122864,9497294.0,Magsenger 16,2012-08-01T00:00:00,Bulkcarriers,Capesize Bulker,Bulk Carrier,Hong Kong,10.5,477638200.0,Lloyd's Register,Fleet,In Service,64769,115483.0,254.0,14.5,43.0,,720584,CITIC Limited,China P.R.,677453,CITIC Group,China P.R.,Master Champ Assets Ltd,983412,Jiangnan Changxing,China P.R.,115483.0,DWT,VRJY7,73536.01,2007-12-14T00:00:00,24965.02383,Jiangnan Changxing,720584.0,CITIC Limited,Hong Kong,679549.0,Cheng Xin,Singapore,,,,,,,False,14.5,Diesel 2-Stroke,VLS IFO,1 x Diesel - MAN B. & W. 6S60MC-C8.2,3 x Aux. Diesel Gen.,"1 x FP Propeller, 105rpm ",1 x BWTS - Ballast Water Treatment System - SunRui,True,False,2027-08-23T00:00:00,2022-09-12T00:00:00,[],[],[],[],[],[],[],,,,,False,,,47.0,,,,,JN 115K,7.0,7.0,,,,,,,,,,,,
16124039,9491393.0,APJ Jai,2011-06-01T00:00:00,Bulkcarriers,Handymax Bulker,Bulk Carrier,Panama,11.66667,351276000.0,Lloyd's Register,Fleet,In Service,32987,56594.0,189.99,12.8,32.26,,347211,Apeejay Shipping,India,347211,Apeejay Shipping,India,Surrendra Overseas Panama Inc,871424,COSCO Guangdong,China P.R.,56594.0,DWT,3FYB8,75053.02,2007-12-21T00:00:00,16541.96579,COSCO Guangdong,347211.0,Apeejay Shipping,India,347211.0,Apeejay Shipping,India,,,,,,,False,14.2,Diesel 2-Stroke,VLS IFO,1 x Diesel - MAN B. & W. 6S50MC-C8.2,3 x Aux. Diesel Gen. - MAN Energy Solutions,"1 x FP Propeller, 127rpm ",1 x BWTS - Ballast Water Treatment System - ERMA FIRST,True,False,2025-12-13T00:00:00,2021-08-16T00:00:00,[],[],[],[],[],[],[],,,,,True,,,30.1,,,,,Dolphin 57,5.0,5.0,False,,,,,False,,,,,,
16134070,9514999.0,Viking Ocean,2012-09-01T00:00:00,Pure Car Carriers,"Pure Car Carriers (4,000-5,999 Vehicles)",Pure Car Carrier,Marshall Is.,10.41667,538009731.0,DNV,Fleet,In Service,39454,12550.0,167.25,8.4,28.0,12760.0,623821,Gram Car Carriers,Norway,219567,P.D. Gram,Norway,Gram Car Carriers Shipowning AS,940034,Nantong Mingde HI,China P.R.,4200.0,Cars,V7A5094,72944.007,2008-04-18T00:00:00,24737.45329,Nantong Mingde HI,812322.0,MOL ACE,Japan,615440.0,OSM (Singapore),Singapore,,,,,,,,18.0,Diesel 2-Stroke,VLS IFO,1 x Diesel - MAN B. & W. 7S50ME-C8.1,3 x Aux. Diesel Gen. - HHI-EMD (HiMSEN),"1 x FP Propeller, 127rpm ",1 x BWTS - Ballast Water Treatment System - ERMA FIRST,True,False,2027-09-10T00:00:00,2023-02-19T00:00:00,[],[],[],[],[],[],[],,11.0,4200.0,,,,,42.0,Eco – Electronic Engine,,,,Deltamarin 4200PCTC,,,,,,,,,,,,,,
16138894,9487380.0,Aland,2013-04-01T00:00:00,Chemical Tankers,"Chemical Tankers (<10,000 dwt)",Chemical & Oil Carrier,Malta,9.83333,249581000.0,American Bureau of Shipping,Fleet,In Service,3308,4995.0,99.84,6.112,15.6,2121.0,745879,Besiktas Likid,Turkey,745879,Besiktas Likid,Turkey,ALAND TANKER CO. LTD.,244248,Yardimci Deniz,Turkey,4995.0,DWT,9HA4298,75190.002,2007-10-01T00:00:00,7245.03206,Yardimci Deniz,839837.0,Alba Tank Sweden,Sweden,745879.0,Besiktas Likid,Turkey,5238.0,14.0,10.0,True,2.0,,False,12.5,Diesel 4-Stroke,VLS MDO,2 x Diesel - Wartsila 4-stroke 6L20,1 x Aux. Diesel Gen. - MAN Energy Solutions,"2 x Wartsila Propulsion, CP Propeller, 200rpm ",1 x BWTS - Ballast Water Treatment System (Pending) - DESMI,True,False,2023-07-18T00:00:00,2018-05-09T00:00:00,[],[],[],[],[],[],[],,,,,,,,,,,,Anzer,5000 DWT Oil & Chemical Tanker,,,,,,,,,,,,,,
16145676,9514107.0,Jewel of Sohar,2011-12-01T00:00:00,Bulkcarriers,Handymax Bulker,Bulk Carrier,Panama,11.16667,373301000.0,Lloyd's Register,Fleet,In Service,31572,55875.0,190.0,12.735,32.26,,376516,Mitsubishi Corp,Japan,376516,Mitsubishi Corp,Japan,SUN CORDIA MARINE S.A.,403018,I.H.I. (Yokohama),Japan,55875.0,DWT,3FJV3,76970.05,2008-03-01T00:00:00,16105.42817,I.H.I. (Yokohama),260369.0,Emirates Trading,U.A.E.,320706.0,Eneos Ocean Ship Mng,Singapore,,,,,,,False,14.8,Diesel 2-Stroke,VLS IFO,1 x Diesel - Wartsila 2-stroke 6RT-flex50-B,3 x Aux. Diesel Gen.,"1 x FP Propeller, 124rpm ",1 x BWTS - Ballast Water Treatment System,True,False,2026-12-12T00:00:00,2021-11-28T00:00:00,[],[],[],[],[],[],[],,,,,True,,,,Eco – Electronic Engine,,,,Future-56,5.0,5.0,False,,,,,,,,,,,
16160840,9605695.0,An Ji 8,2011-06-01T00:00:00,Pure Car Carriers,"Pure Car Carriers (2,000-3,999 Vehicles)",Pure Car Carrier,China P.R.,11.66667,413202490.0,China Classification Society,Fleet,In Service,19568,5126.0,140.5,6.0,24.4,,533232,Dalian Jifa,China P.R.,729466,China Merchants,China P.R.,Dalian Jifa Ship Management Co Ltd,940034,Nantong Mingde HI,China P.R.,2300.0,Cars,BAHP,75977.001,2008-07-01T00:00:00,15141.66965,Nantong Mingde HI,535144.0,Shanghai Ansheng,China P.R.,535144.0,Shanghai Ansheng,China P.R.,,,,,,B,True,16.7,Diesel 2-Stroke,VLS IFO,1 x Diesel - MAN B. & W. 6S42MC7.2,3 x Aux. Diesel Gen.,"1 x FP Propeller, 136rpm ",,,False,2026-06-16T00:00:00,2021-06-05T00:00:00,[],[],[],[],[],[],[],,9.0,2300.0,,,,,,,250.0,$m,,SDARI 2000 PCC,,,,,,,,,,,,,,
16175707,9579494.0,Almi Horizon,2011-12-01T00:00:00,Crude Tankers,"Suezmax (125,000-199,999 dwt)",Tanker,Liberia,11.16667,636015410.0,Lloyd's Register,Fleet,In Service,84216,157787.0,274.0,17.024,48.0,24740.0,596587,Almi Tankers,Greece,596587,Almi Tankers,Greece,Alberta Seaway S.A.,402529,Daewoo (DSME),South Korea,157787.0,DWT,D5AN9,93608.001,2009-12-23T00:00:00,30811.73578,Daewoo (DSME),596587.0,Almi Tankers,Greece,596587.0,Almi Tankers,Greece,170568.0,12.0,3.0,False,,,False,14.0,Diesel 2-Stroke,IFO 380,1 x Diesel - MAN B. & W. 6S70MC-C8.2,3 x Aux. Diesel Gen. - MAN Energy Solutions,"1 x FP Propeller, 91rpm ","1 x Exhaust Scrubber - SOx - HHI Power Systems, 1 x BWTS - Ballast Water Treatment System - HHI-EMD (HiBallast)",True,False,2026-12-13T00:00:00,2021-11-02T00:00:00,[],[],[],[],[],[],[],,,,,,,,51.0,,,,,,,,,True,,,,,,,,,,
16177464,9562697.0,Gassan,2012-06-01T00:00:00,Crude Tankers,"VLCC (200,000+ dwt)",Tanker,Japan,10.66667,431762000.0,Nippon Kaiji Kyokai,Fleet,In Service,160137,308209.0,333.0,20.94,60.0,43205.0,124360,Mitsui OSK Lines,Japan,124360,Mitsui OSK Lines,Japan,"Mitsui OSK Lines, Ltd.",394394,Mitsui SB (Chiba),Japan,308209.0,DWT,7KMK,93641.002,2008-09-01T00:00:00,44442.8089,Mitsui SB (Chiba),,,,124360.0,Mitsui OSK Lines,Japan,339525.0,15.0,3.0,False,,,False,16.9,Diesel 2-Stroke,IFO 380,1 x Diesel - MAN B. & W. 7S80MC-C7.2,2 x Aux. Diesel Gen. - Yanmar,"1 x FP Propeller, 76rpm ","1 x Exhaust Scrubber - SOx - Mitsubishi, 2 x BWTS - Ballast Water Treatment System - SunRui",True,False,2027-05-31T00:00:00,2022-06-01T00:00:00,[],[],[],[],[],[],[],,,,,,,,,,,,,Mitsui 310K ULCC,,,,True,,,,,,,,,,
16178016,9532161.0,FS Endeavor,2012-06-01T00:00:00,Products Tankers,"LR2 (85,000-124,999 dwt)",Product Carrier,Hong Kong,10.66667,477083600.0,American Bureau of Shipping,Fleet,In Service,63058,108994.0,249.97,13.266,42.0,19373.0,619637,Simosa Shipping,Taiwan,819026,Dah Chung Group,Taiwan,J & K Shipping Co. Ltd.,452232,Namura Shipbuilding,Japan,108994.0,DWT,VRKA2,93652.002,2006-11-28T00:00:00,26127.21667,Namura Shipbuilding,580289.0,Shell,United Kingdom,415837.0,Executive Ship Mngt,Singapore,125108.0,12.0,3.0,True,,,False,15.0,Diesel 2-Stroke,IFO 380,1 x Diesel - MAN B. & W. 6S60MC-C7.2,3 x Aux. Diesel Gen. - Yanmar,"1 x Nakashima, FP Propeller, 105rpm ","1 x Exhaust Scrubber - SOx - ContiOcean, 1 x BWTS - Ballast Water Treatment System - SunRui",True,False,2027-06-05T00:00:00,2022-08-04T00:00:00,[],[],[],[],[],[],[],,,,,,,,,,,,,Namura 115K Product Tanker,,,,True,,,,,,,,,,
16182721,9587192.0,Advantage Sweet,2012-01-01T00:00:00,Crude Tankers,"Suezmax (125,000-199,999 dwt)",Tanker,Marshall Is.,11.08333,538010184.0,American Bureau of Shipping,Fleet,Detained,81453,159058.0,274.23,17.0,48.0,23913.0,811370,Advantage Tankers,Switzerland,811370,Advantage Tankers,Switzerland,SPDBFL No. One Hundred & Eighty-Seven (Tianjin) Ship Leasing Co. Ltd.,452337,Samsung HI,South Korea,159058.0,DWT,V7A5725,93743.001,2010-03-25T00:00:00,30231.40111,Samsung HI,,,,187165.0,Geden Line,Turkey,172275.0,,3.0,False,,,False,15.3,Diesel 2-Stroke,VLS IFO,1 x Diesel - MAN B. & W. 6S70ME-C8.2,3 x Aux. Diesel Gen. - Yanmar,"1 x Nakashima, FP Propeller, 91rpm ","1 x Exhaust Scrubber - SOx (Pending) - Feen Marine Inc., 1 x BWTS - Ballast Water Treatment System - S&SYS(Samsung HI)",True,False,2027-01-31T00:00:00,2022-03-16T00:00:00,[],[],[],[],[],[],[],,,,,,,,,Eco – Electronic Engine,,,Dolviken,,,,,True,,,,,,,,,,
16185243,9732058.0,Da Tang 7 Hao,2011-01-01T00:00:00,Bulkcarriers,Handymax Bulker,Bulk Carrier,China P.R.,12.08333,413302520.0,China Classification Society,Fleet,In Service,28757,44096.0,199.99,10.2,32.26,,600064,Jiangsu Datang Shpg,China P.R.,833930,China Datang Corp,China P.R.,"ICBC Financial Leasing Co.,Ltd.",983412,Chengxi Shipyard,China P.R.,44096.0,DWT,BFAO5,93802.001,2010-04-23T00:00:00,15213.58552,Chengxi Shipyard,600064.0,Jiangsu Datang Shpg,China P.R.,600064.0,Jiangsu Datang Shpg,China P.R.,,,,,,B,True,12.2,Diesel 2-Stroke,VLS IFO,1 x Diesel - MAN B. & W. 6S46MC-C7.2,,"1 x FP Propeller, 108rpm ",1 x HVEC -High Voltage External Connection,,False,2026-01-19T00:00:00,2021-01-20T00:00:00,[],[],[],[],[],[],[],,,,,False,,,,,,,,SDARI 45K Yangtzemax,5.0,5.0,,,,,,,,,,,,
16185614,9587984.0,Heilan Star,2011-05-01T00:00:00,Bulkcarriers,Handymax Bulker,Bulk Carrier,Panama,11.75,356106000.0,China Classification Society,Fleet,In Service,32953,56920.0,189.99,12.8,32.26,,938031,Hailan Ship Leasing,China P.R.,938031,Hailan Ship Leasing,China P.R.,NHC Shipping Inc,983412,Shanghai Shipyard,China P.R.,56920.0,DWT,HP5246,93751.005,2010-03-21T00:00:00,16531.56323,Shanghai Shipyard,293138.0,NASCO,China P.R.,293138.0,NASCO,China P.R.,,,,,,,False,14.0,Diesel 2-Stroke,VLS IFO,1 x Diesel - MAN B. & W. 6S50MC-C8.2,3 x Aux. Diesel Gen.,"1 x Changzhou Zhonghai, FP Propeller, 127rpm ",1 x BWTS - Ballast Water Treatment System - Qingdao Headway,True,False,2026-05-19T00:00:00,2021-06-24T00:00:00,[],[],[],[],[],[],[],,,,,True,,,35.2,,,,,Dolphin 57,5.0,5.0,,,,,,False,,,,,,
16196902,9604122.0,Ever Lotus,2013-12-01T00:00:00,Containerships,"Neo-Panamax Containership 8,000-11,999 TEU",Fully Cellular Container,Panama,9.16667,352135000.0,Nippon Kaiji Kyokai,Fleet,In Service,98882,104409.0,334.8,14.2,45.8,,164032,Evergreen Marine,Taiwan,164032,Evergreen Marine,Taiwan,GREENCOMPASS MARINE S.A.,452337,Samsung HI,South Korea,8452.0,TEU,3FWH8,77065.005,2010-09-28T00:00:00,47362.35901,Samsung HI,164032.0,Evergreen Marine,Taiwan,164032.0,Evergreen Marine,Taiwan,,,,,,,False,24.5,Diesel 2-Stroke,IFO 380,1 x Diesel - MAN B. & W. 9K98ME7.2,4 x Aux. Diesel Gen. - MAN Energy Solutions,"1 x Nakashima, FP Propeller, 97rpm ","1 x Exhaust Scrubber - SOx - Wartsila Moss, 1 x Oily Water Separator - Blohm + Voss SY, 1 x BWTS - Ballast Water Treatment System - Optimarin",True,False,2023-12-10T00:00:00,2018-11-02T00:00:00,[],[],[],[],[],[],[],,,,8452.0,False,,1884.0,,Eco – Electronic Engine,103.0,$m,,L-Type,,,,True,,,,,,,,,,
16198872,9608403.0,Da De,2014-07-01T00:00:00,Multipurpose,"Multi-Purpose (20,000 + dwt.)",Multi-Purpose/Heavy Lift Cargo,China P.R.,8.58333,413478240.0,China Classification Society,Fleet,In Service,21828,29572.0,179.57,10.515,28.0,,546474,COSCO Shipping Spec,China P.R.,824220,China COSCO Shipping,China P.R.,,983412,Shanghai Shipyard,China P.R.,29572.0,DWT,BOEM,77129.001,2010-09-01T00:00:00,16155.95702,Shanghai Shipyard,546474.0,COSCO Shipping Spec,China P.R.,546474.0,COSCO Shipping Spec,China P.R.,,,,,,B,True,15.2,Diesel 2-Stroke,VLS IFO,1 x Diesel - MAN B. & W. 6S50ME-C8.2,3 x Aux. Diesel Gen. - Daihatsu,"1 x Dalian Marine, FP Propeller, 127rpm ",,,False,2024-07-13T00:00:00,2019-04-25T00:00:00,[],[],[],[],[],[],[],,,,1045.0,True,,,,Eco – Electronic Engine,38.0,$m,,DA Type 3,3.0,3.0,,,,,,True,,,,,,
16207862,9621144.0,Shandong Ding Sheng,2013-03-01T00:00:00,Bulkcarriers,Capesize Bulker,Bulk Carrier,Hong Kong,9.91667,477222900.0,China Classification Society,Fleet,In Service,94710,179967.0,295.0,18.1,46.0,,612067,Shandong Shipping,China P.R.,609012,Shandong Marine,China P.R.,HAISHENG NO 3 TIANJIN OF BOBFL,983412,Beihai Shipyard,China P.R.,179967.0,DWT,VRLM9,77386.001,2011-03-04T00:00:00,31477.44387,Beihai Shipyard,612067.0,Shandong Shipping,China P.R.,751438.0,SDSC Ship Mgmt.,China P.R.,,,,,,,,14.0,Diesel 2-Stroke,IFO 380,1 x Diesel - MAN B. & W. 6S70MC-C7.2,3 x Aux. Diesel Gen.,"1 x FP Propeller, 91rpm ","1 x Exhaust Scrubber - SOx - Qiyao Environ Tec, 2 x BWTS - Ballast Water Treatment System - SunRui",True,False,2028-03-04T00:00:00,2023-03-09T00:00:00,[],[],[],[],[],[],[],,,,,False,,,55.0,,,,,CSDC 180K 46M,9.0,9.0,,True,,,,,,,,,,
16208001,9619684.0,Marjorie C,2015-04-01T00:00:00,RoRo,"Ro-Ro (10,000 & Above dwt tonnes)",Ro-Ro/Container,United States,7.83333,367641230.0,DNV,Fleet,In Service,47279,24750.0,210.92,9.75,32.6,,611781,Pasha Hawaii,United States,793775,The Pasha Group,United States,Pasha Hawaii Shipping Company LLC,763457,VT Halter (Pasca),United States,4000.0,Lane m.,WDH6745,77389.001,2011-02-15T00:00:00,28196.22686,VT Halter (Pasca),611781.0,Pasha Hawaii,United States,611781.0,Pasha Hawaii,United States,,,,,,,,21.5,Diesel 2-Stroke,IFO 380,1 x Diesel - MAN B. & W. 8S60MC-C8.2,4 x Aux. Diesel Gen. - MAN Energy Solutions,"1 x FP Propeller, 105rpm ","1 x Exhaust Scrubber - SOx - FMSI, 1 x BWTS - Ballast Water Treatment System - Alfa Laval",True,False,2025-04-21T00:00:00,2020-06-01T00:00:00,[],[],[],[],[],[],[],,3.0,1100.0,1400.0,True,,,,,144.0,$m,,,,,,True,4000.0,,,,,,,,,
16209879,9624938.0,Golar Penguin,2014-09-01T00:00:00,LNG,"Conventional LNG Carrier 60,000+ cbm",LNG Carrier,Marshall Is.,8.41667,538004979.0,Lloyd's Register,Fleet,Idle,102100,82181.0,280.569,12.15,43.4,,876975,New Fortress,United States,876975,New Fortress,United States,ORIENTAL FLEET LNG 02 LTD,452337,Samsung HI,South Korea,160000.0,cu.m.,V7AE8,77450.003,2011-04-11T00:00:00,81524.37593,Samsung HI,,,,994807.0,CoolCo,Bermuda,160000.0,,,,,,False,19.5,Diesel Electric,"LNG, VLS MDO","3 x Diesel Gen. - Wartsila 4-stroke 12V50DF, 1 x Diesel Gen. - Wartsila 4-stroke 6L50DF",,"1 x Nakashima, FP Propeller",2 x BWTS - Ballast Water Treatment System - ERMA FIRST,True,False,2024-09-17T00:00:00,2019-10-19T00:00:00,[],[],[],[],[],[],[],,,,,,,,,,200.0,$m,,,,,,,,,,,-163.0,TZM,Y,LNG,,
16215209,9636785.0,Cool Voyager,2013-11-01T00:00:00,LNG,"Conventional LNG Carrier 60,000+ cbm",LNG Carrier,Malta,9.25,229553000.0,DNV,Fleet,In Service,102097,81890.0,280.57,12.15,43.4,,147798,Thenamaris,Greece,147798,Thenamaris,Greece,Energy Shipping & Trading S.A.,452337,Samsung HI,South Korea,160372.0,cu.m.,9HA3401,77602.001,2011-07-08T00:00:00,81522.74703,Samsung HI,147798.0,Thenamaris,Greece,807681.0,Thenamaris LNG,Greece,160372.0,,,,,,False,19.5,Diesel Electric,"LNG, VLS IFO","3 x Diesel Gen. - Wartsila 4-stroke 12V50DF, 1 x Diesel Gen. - Wartsila 4-stroke 6L50DF",,1 x FP Propeller,2 x BWTS - Ballast Water Treatment System - S&SYS(Samsung HI),True,False,2023-10-29T00:00:00,2018-09-15T00:00:00,[],[],[],[],[],[],[],,,,,,,,,,,,,,,,,,,,,,-163.0,TZM,Y,LNG,0.25,
16215212,9636797.0,Cool Runner,2014-03-01T00:00:00,LNG,"Conventional LNG Carrier 60,000+ cbm",LNG Carrier,Malta,8.91667,229673000.0,DNV,Fleet,In Service,102097,81891.0,280.57,12.15,43.4,,147798,Thenamaris,Greece,147798,Thenamaris,Greece,Priority Maritime Corporation,452337,Samsung HI,South Korea,160000.0,cu.m.,9HA3506,77602.002,2011-07-08T00:00:00,81522.74703,Samsung HI,147798.0,Thenamaris,Greece,807681.0,Thenamaris LNG,Greece,160000.0,,,,,,False,19.5,Diesel Electric,"LNG, VLS IFO","3 x Diesel Gen. - Wartsila 4-stroke 12V50DF, 1 x Diesel Gen. - Wartsila 4-stroke 6L50DF",,1 x FP Propeller,2 x BWTS - Ballast Water Treatment System - S&SYS(Samsung HI),True,False,2024-03-24T00:00:00,2019-04-04T00:00:00,[],[],[],[],[],[],[],,,,,,,,,,,,,,,,,,,,,,-163.0,TZM,Y,LNG,0.25,
16215454,9427536.0,Tethys,2012-03-01T00:00:00,Chemical Tankers,"Chemical Tankers (<10,000 dwt)",Chemical & Oil Carrier,Cyprus,10.91667,210260000.0,American Bureau of Shipping,Fleet,In Service,3166,4391.0,92.35,5.4,15.2,3008.0,979476,MM Marine,Switzerland,826317,Mercuria Energy,Switzerland,Tidestar Shipping Ltd.,597184,Yizheng Yangzi SB,China P.R.,4391.0,DWT,5BVA5,77610.002,2008-01-01T00:00:00,7072.29368,Yizheng Yangzi SB,979476.0,MM Marine,Greece,979476.0,MM Marine,Greece,4549.0,12.0,12.0,True,2.0,IC,True,12.0,Diesel 4-Stroke,VLS IFO,2 x Diesel - MAN Energy Solutions 8L23/30,2 x Aux. Diesel Gen. - Volvo Penta,"2 x Fundivisa, CP Propeller, 201rpm ",1 x BWTS - Ballast Water Treatment System - DESMI,True,False,2027-02-21T00:00:00,2022-06-20T00:00:00,[],[],[],[],[],[],[],,,,,,,,,,,,Ocean Astro,,,,,,,,,,,,,,,
16216448,9640023.0,Cool Explorer,2015-01-01T00:00:00,LNG,"Conventional LNG Carrier 60,000+ cbm",LNG Carrier,Malta,8.08333,229796000.0,DNV,Fleet,In Service,102097,81891.0,280.57,12.15,43.4,30326.0,147798,Thenamaris,Greece,147798,Thenamaris,Greece,Safe Port Marine Ltd.,452337,Samsung HI,South Korea,161352.0,cu.m.,9HA3616,77602.003,2011-07-29T00:00:00,81522.74703,Samsung HI,147798.0,Thenamaris,Greece,807681.0,Thenamaris LNG,Greece,161352.0,,,,,,False,19.5,Diesel Electric,"LNG, VLS IFO","3 x Diesel Gen. - Wartsila 4-stroke 12V50DF, 1 x Diesel Gen. - Wartsila 4-stroke 6L50DF",,1 x FP Propeller,2 x BWTS - Ballast Water Treatment System - S&SYS(Samsung HI),True,False,2025-01-08T00:00:00,2019-12-04T00:00:00,[],[],[],[],[],[],[],,,,,,,,,,,,,,,,,,,,,,-163.0,TZM,Y,LNG,0.25,
16217340,9608348.0,Ferry Naminoue,2012-09-01T00:00:00,Ferries,"Passenger Ferries <10,000 GT",Pass./Car Ferry,Japan,10.41667,431003691.0,Unknown,Fleet,In Service,8072,3808.0,145.0,6.25,24.0,,264288,A Line Ferry Co,Japan,264288,A Line Ferry Co,Japan,,394307,MHI Shimonoseki,Japan,707.0,Passengers,7JLW,,2011-06-01T00:00:00,11884.65597,MHI Shimonoseki,264288.0,A Line Ferry Co,Japan,264288.0,A Line Ferry Co,Japan,,,,,,,,21.0,Diesel 4-Stroke,VLS IFO,2 x Diesel - Pielstick 12PC2.6,,2 x Propeller,,,False,,,[],[],[],[],[],[],[],,,72.0,,,,,,,,,,,,,,,500.0,707.0,,,,,,,,
16218842,9641675.0,Le Soleal,2013-06-01T00:00:00,Cruise,Cruise <500 Berths,Cruise Ship,France,9.66667,578000200.0,Bureau Veritas,Fleet,In Service,10992,1400.0,142.1,4.9,18.0,,314505,Ponant,France,314505,Ponant,France,Compagnie Du Ponant,392187,Fincantieri Ancona,Italy,264.0,Berths,FIHV,74633.003,2011-09-22T00:00:00,24987.19363,Fincantieri Ancona,314505.0,Ponant,France,314505.0,Ponant,France,,,,,,IC,True,16.0,Diesel Electric,VLS IFO,4 x Diesel Gen. - Wartsila 4-stroke 8L20,1 x Aux. Diesel Gen. - Isotta Fraschini,"2 x Wartsila Propulsion, FP Propeller, 186rpm ",,,False,2028-06-20T00:00:00,2023-03-20T00:00:00,[],[],[],[],[],[],[],,,,,,,,,,137.0,$m,,,,,,,,264.0,264.0,,,,,,,
16220766,9612478.0,Apollo Stella,2012-01-01T00:00:00,Other Dry General Cargo,General Cargo,General Cargo,Panama,11.08333,373303000.0,Bureau Veritas,Fleet,In Service,9642,12307.0,118.82,8.51,21.2,,170433,First Marine Service,Japan,164645,First Marine,Japan,"Myosei Kisen Co, LTD, Mira Shipping, SA",404107,Sasaki Zosen,Japan,12307.0,DWT,3FFX3,77816.002,2009-01-01T00:00:00,9577.0273,Sasaki Zosen,170433.0,First Marine Service,Japan,771115.0,Yokohama Marine,Japan,,,,,,,,15.0,Diesel 2-Stroke,VLS IFO,1 x Diesel - MAN B. & W. 6L35MC6.2,2 x Aux. Diesel Gen. - Yanmar,"1 x Kamome, FP Propeller, 210rpm ",1 x BWTS - Ballast Water Treatment System - Brightsky,True,False,2027-01-30T00:00:00,2022-02-11T00:00:00,[],[],[],[],[],[],[],,,,,True,,,,,,,,,4.0,,,,,,,,,,,,,
16224298,9677313.0,Gamsunoro,2014-07-01T00:00:00,Crude Tankers,"Aframax Crude (85,000-124,999 dwt)",Tanker,Indonesia,8.58333,525008093.0,Biro Klasifikasi Indonesia,Fleet,In Service,57081,105638.0,228.6,14.8,42.0,,289331,Pertamina,Indonesia,289331,Pertamina,Indonesia,Alor Bahtera Laju Abadi PT,396222,Sumitomo (Yokosuka),Japan,105638.0,DWT,YDPV,,2012-05-01T00:00:00,24685.47191,Sumitomo (Yokosuka),289331.0,Pertamina,Indonesia,959144.0,Pertamina Intl Shpg,Indonesia,,,,,,,,14.8,Diesel 2-Stroke,VLS IFO,1 x Diesel - MAN B. & W. 6S60MC-C7.2,3 x Aux. Diesel Gen. - Daihatsu,"1 x FP Propeller, 105rpm ",,,False,,,[],[],[],[],[],[],[],,,,,,,,,,,,,SumitomoHI 105K OT MK III,,,,,,,,,,,,,,
16231441,9660023.0,United Crown,2013-10-01T00:00:00,Bulkcarriers,Capesize Bulker,Bulk Carrier,Panama,9.33333,353297000.0,Nippon Kaiji Kyokai,Fleet,In Service,92752,181381.0,291.98,18.237,45.0,,605780,NS United KK,Japan,111081,Nippon Yusen Kaisha,Japan,Fairway Shipping SA,403205,Koyo Dock,Japan,181381.0,DWT,3FFL4,77003.042,2012-01-01T00:00:00,31078.86862,Koyo Dock,605780.0,NS United KK,Japan,445571.0,B. Schulte (India),India,,,,,,,,17.4,Diesel 2-Stroke,IFO 380,1 x Diesel - MAN B. & W. 6S70MC-C7.2,3 x Aux. Diesel Gen. - Daihatsu,"1 x FP Propeller, 87rpm ","1 x Exhaust Scrubber - SOx - Wartsila Moss, 2 x BWTS - Ballast Water Treatment System - JFE Engineering",True,False,2023-10-15T00:00:00,2018-10-05T00:00:00,[],[],[],[],[],[],[],,,,,False,,,,,,,,IS 181K,9.0,9.0,False,True,,,,,,,,,,
16231641,,Xin Hai 19 Hao,2012-01-01T00:00:00,Ferries,"Passenger Ferries <10,000 GT",Pass./Car Ferry,China P.R.,11.08333,,China Classification Society,Fleet,In Service,8275,2042.0,119.18,4.0,19.8,,613585,Hainan Strait Shpg,China P.R.,824220,China COSCO Shipping,China P.R.,,586896,Hainan Kaihong,China P.R.,972.0,Passengers,,78104.001,2009-10-10T00:00:00,12096.09746,Hainan Kaihong,613585.0,Hainan Strait Shpg,China P.R.,613585.0,Hainan Strait Shpg,China P.R.,,,,,,,,15.3,Diesel 4-Stroke,VLS IFO,2 x Diesel - Guangzhou Diesel 8320ZCd-8,,2 x Propeller,,,False,2023-12-26T00:00:00,2018-12-27T00:00:00,[],[],[],[],[],[],[],,,41.0,,,,,,,93.2812,RMBm,,,,,,,,972.0,,,,,,,,
16231654,,Bao Dao 16 Hao,2012-07-01T00:00:00,Ferries,"Passenger Ferries <10,000 GT",Pass./Car Ferry,China P.R.,10.58333,,China Classification Society,Fleet,In Service,8275,2042.0,119.18,4.2,19.8,,613585,Hainan Strait Shpg,China P.R.,824220,China COSCO Shipping,China P.R.,,586896,Hainan Kaihong,China P.R.,972.0,Passengers,,78104.002,2009-10-10T00:00:00,12096.09746,Hainan Kaihong,613585.0,Hainan Strait Shpg,China P.R.,613585.0,Hainan Strait Shpg,China P.R.,,,,,,,,15.3,Diesel 4-Stroke,VLS IFO,2 x Diesel - Guangzhou Diesel 8320ZCd-8,4 x Aux. Diesel Gen.,2 x FP Propeller,,,False,2024-06-19T00:00:00,2019-06-20T00:00:00,[],[],[],[],[],[],[],,1.0,41.0,,,,,,,93.5206,RMBm,,,,,,,,972.0,,,,,,,,
16235423,9665607.0,Thalassa Patris,2013-11-01T00:00:00,Containerships,"Neo-Panamax Containership 12,000-16,999 TEU",Fully Cellular Container,Liberia,9.25,636021035.0,DNV,Fleet,In Service,148667,152344.0,368.45,15.8,51.0,,460811,SFL Corporation,Norway,285146,Fredriksen Group,Norway,SFL Patris Inc.,392961,Hyundai HI (Ulsan),South Korea,13806.0,TEU,5LBX9,78192.002,2012-07-03T00:00:00,62497.04938,Hyundai HI (Ulsan),164032.0,Evergreen Marine,Taiwan,1001200.0,Enesel Dry,Greece,,,,,,,False,23.0,Diesel 2-Stroke,VLS IFO,1 x Diesel - MAN B. & W. 11S90ME-C9.2,"2 x Aux. Diesel Gen. - HHI-EMD (HiMSEN), 2 x Aux. Diesel Gen. - HHI-EMD (HiMSEN)","1 x HHI-EMD (HiMSEN), FP Propeller, 81rpm ",1 x BWTS - Ballast Water Treatment System - HHI-EMD (HiBallast),True,False,2023-11-27T00:00:00,2018-08-27T00:00:00,[],[],[],[],[],[],[],,,,13806.0,False,10000.0,1600.0,,Eco – Electronic Engine Modern,114.0,$m,,,,,,,,,,,,,,,,
16235878,9547219.0,Jolly Titanio,2014-11-01T00:00:00,RoRo,"Ro-Ro (10,000 & Above dwt tonnes)",Ro-Ro/Container,Italy,8.25,247335600.0,RINA,Fleet,In Service,51055,44574.0,240.0,11.5,37.5,,291118,Ignazio Messina,Italy,291118,Ignazio Messina,Italy,RORO ITALIA S.P.A.,998874,STX SB (Jinhae),South Korea,6350.0,Lane m.,IBGX,78207.001,2012-07-19T00:00:00,29594.71044,STX SB (Jinhae),267571.0,MSC,Switzerland,291118.0,Ignazio Messina,Italy,,,,,,IB,True,21.5,Diesel 2-Stroke,IFO 380,1 x Diesel - MAN B. & W. 7L70ME-C8.2,4 x Aux. Diesel Gen. - MAN Energy Solutions,"1 x Rolls-Royce Marine, CP Propeller, 108rpm ","1 x Exhaust Scrubber - SOx - Wartsila Moss, 2 x BWTS - Ballast Water Treatment System - PANASIA",True,False,2024-11-13T00:00:00,2019-09-24T00:00:00,[],[],[],[],[],[],[],,5.0,2200.0,3016.0,,,,81.0,Eco – Electronic Engine Modern,73.5,$m,MSC Titanio,240m Container/Ro-Ro Cargo Ship,,,,True,6350.0,,,,,,,,,
16242797,9683049.0,Kmarin Rigour,2016-06-01T00:00:00,Crude Tankers,"Aframax Crude (85,000-124,999 dwt)",Tanker,Isle of Man,6.66667,235108529.0,Lloyd's Register,Fleet,In Service,64309,109475.0,249.85,15.018,44.0,21507.0,763994,KMARIN,South Korea,763994,KMARIN,South Korea,Kmarin No 17E SA,998874,STX SB (Jinhae),South Korea,109475.0,DWT,2ICI3,78376.005,2012-12-21T00:00:00,26421.41901,STX SB (Jinhae),332396.0,BP Shipping,United Kingdom,623247.0,Synergy Maritime,India,118775.0,12.0,3.0,False,,,False,14.5,Diesel 2-Stroke,VLS IFO,1 x Diesel - MAN B. & W. 6G60ME-C9.2,3 x Aux. Diesel Gen. - MAN Energy Solutions,"1 x Silla Metal, FP Propeller",1 x BWTS - Ballast Water Treatment System - De Nora Water Tech,True,False,2026-06-19T00:00:00,2021-09-22T00:00:00,[],[],[],[],[],[],[],,,,,,,,,Eco – Electronic Engine Modern,,,British Rigour,,,,,,,,,,,,,,,
16244083,9706073.0,Hafnia Petrel,2016-01-01T00:00:00,Products Tankers,"MR (40,000-54,999 dwt)",Chemical & Oil Carrier,Singapore,7.08333,564863000.0,DNV,Fleet,In Service,29751,49999.0,183.0,13.3,32.2,10788.0,777454,Hafnia Limited,Singapore,244901,BW Group,Singapore,BW Clearwater Pte Ltd,557054,SPP Sacheon SY,South Korea,49999.0,DWT,9V2925,78397.008,2013-10-01T00:00:00,24249.63178,SPP Sacheon SY,777454.0,Hafnia Limited,Singapore,614537.0,BW Fleet Mngt,Singapore,51728.0,12.0,12.0,True,2.0,,,14.5,Diesel 2-Stroke,VLS IFO,1 x Diesel - MAN B. & W. 6S50ME-B9.3,3 x Aux. Diesel Gen. - HHI-EMD (HiMSEN),"1 x Hae Yang, FP Propeller",1 x BWTS - Ballast Water Treatment System - Alfa Laval,True,False,2026-01-04T00:00:00,2021-02-16T00:00:00,[],[],[],[],[],[],[],,,,,,,,23.07,Eco – Electronic Engine Modern,,,BW Petrel,,,,,,,,,,,,,,,
16247668,9689615.0,ONE Manhattan,2015-10-01T00:00:00,Containerships,"Neo-Panamax Containership 12,000-16,999 TEU",Fully Cellular Container,Japan,7.33333,431260000.0,Nippon Kaiji Kyokai,Fleet,In Service,152297,147420.0,365.9,14.0,51.2,,120270,K-Line,Japan,120270,K-Line,Japan,East River Shipping GK,452016,Imabari SB Hiroshima,Japan,13870.0,TEU,7JVP,78474.005,2013-03-18T00:00:00,63530.71132,Imabari SB Hiroshima,898713.0,ONE,Singapore,986153.0,K Line SM Singapore,Singapore,,,,,,,False,24.8,Diesel 2-Stroke,IFO 380,1 x Diesel - MAN B. & W. 11S90ME-C9.2,4 x Aux. Diesel Gen. - Daihatsu,"1 x Nakashima, FP Propeller","1 x Exhaust Scrubber - SOx - Mitsubishi, 1 x BWTS - Ballast Water Treatment System - HHI-EMD (HiBallast)",True,False,2025-10-06T00:00:00,2020-10-30T00:00:00,[],[],[],[],[],[],[],,,,13870.0,False,,1600.0,,Eco – Electronic Engine Modern,,,Manhattan Bridge,,,,,True,,,,,,,,,,
16252954,9697492.0,Epic St. Thomas,2014-01-01T00:00:00,LPG,"Small LPG 5-14,999 cbm",LPG Carrier,Singapore,9.08333,563716000.0,American Bureau of Shipping,Fleet,In Service,4292,5011.0,99.98,6.11,17.2,2711.0,739557,BW Epic Kosan,Singapore,244901,BW Group,Singapore,Epic ST Thomas Pte. Ltd.,404107,Sasaki Zosen,Japan,5016.0,cu.m.,9V2347,78590.001,2013-05-28T00:00:00,7294.70487,Sasaki Zosen,739557.0,BW Epic Kosan,Singapore,739557.0,BW Epic Kosan,Singapore,5016.0,,,,,,False,13.4,Diesel 2-Stroke,VLS IFO,1 x Diesel - MAN B. & W. 5L35MC6.2,2 x Aux. Diesel Gen. - Yanmar,"1 x Kamome, FP Propeller, 178rpm ",1 x BWTS - Ballast Water Treatment System - Brightsky,True,False,2024-01-19T00:00:00,2019-02-04T00:00:00,[],[],[],[],[],[],[],,,,,,,,,,,,,,,,,,,,,,-10.0,,,,18.0,
16252967,9697507.0,Epic St. Croix,2014-04-01T00:00:00,LPG,"Small LPG 5-14,999 cbm",LPG Carrier,Malta,8.83333,256925000.0,American Bureau of Shipping,Fleet,In Service,4292,4995.0,99.98,6.11,17.2,2711.0,739557,BW Epic Kosan,Singapore,244901,BW Group,Singapore,Epic ST Croix Pte. Ltd.,404107,Sasaki Zosen,Japan,5000.0,cu.m.,9HA4038,78590.002,2013-05-28T00:00:00,7294.70487,Sasaki Zosen,739557.0,BW Epic Kosan,Singapore,739557.0,BW Epic Kosan,Singapore,5000.0,,,,,,False,13.4,Diesel 2-Stroke,VLS IFO,1 x Diesel - MAN B. & W. 5L35MC6.1,2 x Aux. Diesel Gen. - Yanmar,"1 x Kamome, FP Propeller, 178rpm ",1 x BWTS - Ballast Water Treatment System - Brightsky,True,False,2024-04-23T00:00:00,2019-04-23T00:00:00,[],[],[],[],[],[],[],,,,,,,,,,,,,,,,,,,,,,-10.0,,,,18.0,
16255276,9735153.0,Goliath,2015-07-01T00:00:00,Bulkcarriers,Capesize Bulker,Bulk Carrier,Liberia,7.58333,636020165.0,American Bureau of Shipping,Fleet,In Service,107761,209537.0,300.0,18.4,50.0,,535665,Star Bulk Carriers,Greece,535665,Star Bulk Carriers,Greece,Hai Kuo Shipping 2020b Ltd.,871424,Nantong COSCO KHI,China P.R.,209537.0,DWT,D5XZ3,78653.002,2013-06-29T00:00:00,34056.46616,Nantong COSCO KHI,535665.0,Star Bulk Carriers,Greece,535665.0,Star Bulk Carriers,Greece,,,,,,,,,Diesel 2-Stroke,IFO 380,1 x Diesel - MAN B. & W. 6G70ME-C9.2,3 x Aux. Diesel Gen. - Yanmar,"1 x Nakashima, FP Propeller, 66rpm ","1 x Exhaust Scrubber - SOx - VDL AEC Maritime, BWTS - Ballast Water Treatment System",True,False,2025-07-14T00:00:00,2020-06-12T00:00:00,[],[],[],[],[],[],[],,,,,False,,,,Eco – Electronic Engine Modern,,,,NACKS 209K,9.0,9.0,,True,,,,,,,,,,
16255647,9702261.0,MSC Sara Elena,2015-12-01T00:00:00,Containerships,"Neo-Panamax Containership 8,000-11,999 TEU",Fully Cellular Container,Madeira,7.16667,255806499.0,DNV,Fleet,In Service,95497,109778.0,299.95,14.5,48.22,,267571,MSC,Italy,267571,MSC,Italy,Concept Treasure Ltd.,983412,Dalian Shipbuilding,China P.R.,8800.0,TEU,CQEV8,78662.006,2013-07-03T00:00:00,46253.71461,Dalian Shipbuilding,267571.0,MSC,Switzerland,654391.0,MSC (Cyprus),Cyprus,,,,,,,False,22.0,Diesel 2-Stroke,IFO 380,1 x Diesel - MAN B. & W. 9S90ME-C10.2,"2 x Aux. Diesel Gen. - MAN Energy Solutions, 2 x Aux. Diesel Gen. - MAN Energy Solutions","1 x Dalian Marine, FP Propeller, 78rpm ","1 x Exhaust Scrubber - SOx - Wartsila Moss, 1 x BWTS - Ballast Water Treatment System - PANASIA",True,False,2025-10-29T00:00:00,2020-10-26T00:00:00,[],[],[],[],[],[],[],,,,8800.0,False,,2924.0,,Eco – Electronic Engine Modern,85.0,$m,,CIMC ORIC 8800 TEU,,,,True,,,,,,,,,,
16256378,9704130.0,Le Lyrial,2015-04-01T00:00:00,Cruise,Cruise <500 Berths,Cruise Ship,France,7.83333,578000800.0,Bureau Veritas,Fleet,In Service,10992,1400.0,142.1,4.9,18.0,,314505,Ponant,France,314505,Ponant,France,Sas Caroline 55,392187,Fincantieri Ancona,Italy,262.0,Berths,FIRS,,2013-07-16T00:00:00,24987.19363,Fincantieri Ancona,314505.0,Ponant,France,314505.0,Ponant,France,,,,,,IC,True,16.0,Diesel Electric,VLS IFO,4 x Diesel Gen. - Wartsila 4-stroke 8L20,1 x Aux. Diesel Gen. - Isotta Fraschini,"2 x Wartsila Propulsion, FP Propeller, 186rpm ",,,False,2025-04-09T00:00:00,2020-07-09T00:00:00,[],[],[],[],[],[],[],,,,,,,,,,150.0,$m,,,,,,,,264.0,262.0,,,,,,,
16260517,9710177.0,Chipolbrok Pacific,2015-12-01T00:00:00,Multipurpose,"Multi-Purpose (20,000 + dwt.)",Multi-Purpose/Heavy Lift Cargo,Hong Kong,7.16667,477713800.0,Lloyd's Register,Fleet,In Service,24778,31615.0,189.9,10.5,28.0,,292623,Chinese-Polish Shpg,China P.R.,292623,Chinese-Polish Shpg,China P.R.,Chipolbrok Pacific Shpg Co Ltd,983412,Shanghai Shipyard,China P.R.,31615.0,DWT,VRPC3,90054.001,2013-09-10T00:00:00,17521.29345,Shanghai Shipyard,292623.0,Chinese-Polish Shpg,China P.R.,292623.0,Chinese-Polish Shpg,China P.R.,,,,,,1C,True,15.7,Diesel 2-Stroke,VLS IFO,1 x Diesel - Wartsila 2-stroke 6RT-flex50-D,3 x Aux. Diesel Gen.,"1 x Changzhou Zhonghai, Propeller","1 x HVEC -High Voltage External Connection, 1 x BWTS - Ballast Water Treatment System - Qingdao Headway",True,False,2025-12-07T00:00:00,2020-11-07T00:00:00,[],[],[],[],[],[],[],,,,1923.0,True,1284.0,,30.0,Eco – Electronic Engine Modern,,,,SDARI 32000 MPV,3.0,3.0,,,,,,True,,,,,,
16264199,9705940.0,SK Line 1,2013-12-01T00:00:00,Chemical Tankers,"Chemical Tankers (<10,000 dwt)",Chemical & Oil Carrier,Singapore,9.16667,563536000.0,Bureau Veritas,Fleet,In Service,3200,5306.0,91.0,4.5,21.0,1699.0,420228,Ammships Pte Ltd,Singapore,420228,Ammships Pte Ltd,Singapore,PENG HONG PTE.LTD.,685804,SMI,Indonesia,5306.0,DWT,9V2048,,2012-02-20T00:00:00,7113.96582,SMI,420228.0,Ammships Pte Ltd,Singapore,798862.0,Global Radiance Ship,Singapore,5676.0,12.0,2.0,True,,,,10.0,Diesel 4-Stroke,VLS IFO,2 x Diesel - Cummins Inc KTA50-M2,2 x Aux. Diesel Gen. - Deutz,"2 x Zhenjiang JinYe, Propeller",,,False,2023-12-09T00:00:00,2018-12-11T00:00:00,[],[],[],[],[],[],[],,,,,,,,,,,,,,,,,,,,,,,,,,,
16267329,9723069.0,Dominica,2015-09-01T00:00:00,Crude Tankers,"VLCC (200,000+ dwt)",Tanker,Liberia,7.41667,636018890.0,DNV,Fleet,In Service,157092,299999.0,336.0,21.513,60.0,43224.0,595322,Euronav NV,Belgium,595322,Euronav NV,Belgium,EURONAV NV,402529,Daewoo (DSME),South Korea,299999.0,DWT,D5RW3,93448.001,2013-12-03T00:00:00,43959.12676,Daewoo (DSME),335692.0,Tankers Intl,United Kingdom,751012.0,Euronav Hellas,Greece,325764.0,15.0,6.0,False,,,False,,Diesel 2-Stroke,VLS IFO,1 x Diesel - MAN B. & W. 7G80ME-C9.2,3 x Aux. Diesel Gen. - HHI-EMD (HiMSEN),"1 x Nakashima, FP Propeller",BWTS - Ballast Water Treatment System,True,False,2025-09-11T00:00:00,2020-12-05T00:00:00,[],[],[],[],[],[],[],,,,,,,,,Eco – Electronic Engine Modern,,,Gener8 Neptune,,,,,,,,,,,,,,,
16274756,9711470.0,Eco Invictus,2014-09-01T00:00:00,LPG,"Small LPG 5-14,999 cbm",LPG Carrier,Marshall Is.,8.41667,538005799.0,Bureau Veritas,Fleet,In Service,4294,4923.0,99.98,6.1,17.2,,457037,StealthGas,Greece,332309,Stealth Maritime,Greece,Kaizen Industries Ltd.,404107,Sasaki Zosen,Japan,5023.0,cu.m.,V7HC4,,2014-02-03T00:00:00,7296.64223,Sasaki Zosen,457037.0,StealthGas,Greece,332309.0,Stealth Maritime,Greece,5023.0,,,,,,,13.4,Diesel 2-Stroke,VLS MDO,1 x Diesel - MAN B. & W. 5L35MC6.2,2 x Aux. Diesel Gen. - Yanmar,"1 x Kamome, FP Propeller, 178rpm ",1 x BWTS - Ballast Water Treatment System - Brightsky,True,False,2024-09-21T00:00:00,2019-09-28T00:00:00,[],[],[],[],[],[],[],,,,,,,,,,,,,,,,,,,,,,-10.0,,,,18.0,
16288016,9747065.0,Plumeria Coral,2016-04-01T00:00:00,LPG,"Small LPG 5-14,999 cbm",LPG Carrier,Panama,6.83333,374775000.0,Bureau Veritas,Fleet,In Service,4289,5016.0,99.98,6.1,17.2,,359751,AST Inc,Japan,359751,AST Inc,Japan,Coral Canal S.A.,404107,Sasaki Zosen,Japan,5017.0,cu.m.,3EKS5,,2014-01-01T00:00:00,7291.79811,Sasaki Zosen,359751.0,AST Inc,Japan,125554.0,Swan Shipping,Philippines,5017.0,,,,,,,,Diesel 2-Stroke,VLS IFO,1 x Diesel - MAN B. & W. 5L35MC6.2,2 x Aux. Diesel Gen. - Yanmar,"1 x Kamome, FP Propeller, 178rpm ",1 x BWTS - Ballast Water Treatment System - Brightsky,True,False,2026-04-29T00:00:00,2021-05-14T00:00:00,[],[],[],[],[],[],[],,,,,,,,,,,,,,,,,,,,,,-10.0,,,,18.0,
16291911,9754446.0,Sigyn W,2018-09-01T00:00:00,Multipurpose,"Multi-Purpose (10,000-19,999 dwt.)",Multi-Purpose/Heavy Lift Cargo,Cyprus,4.41667,209318000.0,DNV,Fleet,In Service,9670,12100.0,138.0,8.05,21.4,,915616,Cargow BV,Netherlands,915616,Cargow BV,Netherlands,Star Navigation SA,444187,Taizhou Sanfu,China P.R.,12100.0,DWT,5BAP5,78402.012,2014-01-01T00:00:00,9594.81726,Taizhou Sanfu,915616.0,Cargow BV,Netherlands,769033.0,VMS Shipping,Netherlands,,,,,,E3,True,,Diesel 2-Stroke,VLS IFO,1 x Diesel - MAN B. & W. 6S40ME-B9.2,3 x Aux. Diesel Gen. - MAN Energy Solutions,"1 x CP Propeller, 124rpm ",2 x BWTS - Ballast Water Treatment System - DESMI,True,True,2023-08-28T00:00:00,2018-08-28T00:00:00,[],[],[],[],[],[],[],,,,813.0,True,,,,Eco – Electronic Engine Modern,19.0,$m,,SDARI 12000 MPV,2.0,2.0,,,,,,True,,,,,,
16294596,9757864.0,COSCO Shipping Alps,2018-01-01T00:00:00,Containerships,"Neo-Panamax Containership 12,000-16,999 TEU",Fully Cellular Container,Hong Kong,5.08333,477148700.0,China Classification Society,Fleet,In Service,154369,153500.0,366.0,14.0,51.2,,858717,COSCO Shipping Lines,China P.R.,824220,China COSCO Shipping,China P.R.,COSCO Shenyang Shipping Limited,983412,SCS Shipbuilding,China P.R.,14500.0,TEU,VRRJ2,79211.003,2014-09-17T00:00:00,64117.18734,SCS Shipbuilding,858717.0,COSCO Shipping Lines,China P.R.,292481.0,COSCO Shanghai,China P.R.,,,,,,,False,22.5,Diesel 2-Stroke,VLS IFO,1 x Diesel - MAN B. & W. 10S90ME-C10.5,4 x Aux. Diesel Gen. - Wartsila 4-stroke,"1 x Nakashima, FP Propeller, 84rpm ",1 x BWTS - Ballast Water Treatment System - COSCO (Weihai),True,False,2028-01-02T00:00:00,2023-02-03T00:00:00,[],[],[],[],[],[],[],,,,14500.0,False,,1400.0,,Eco – Electronic Engine Modern,123.6,$m,,Hudong 14500 TEU,,,,,,,,,,,,,,
16297597,9762986.0,DHT Harrier,2016-09-01T00:00:00,Crude Tankers,"VLCC (200,000+ dwt)",Tanker,Hong Kong,6.41667,477706500.0,Lloyd's Register,Fleet,In Service,157083,299985.0,336.0,21.534,60.0,43193.0,684277,DHT Management,United States,457895,DHT Holdings,United States,DHT Harrier Inc.,402529,Daewoo (DSME),South Korea,299985.0,DWT,VRTZ7,78848.003,2014-09-01T00:00:00,43957.69121,Daewoo (DSME),684277.0,DHT Management,Norway,594604.0,Goodwood Ship,Singapore,325764.0,15.0,3.0,False,,,False,14.8,Diesel 2-Stroke,IFO 380,1 x Diesel - MAN B. & W. 7G80ME-C9.2,3 x Aux. Diesel Gen. - HHI-EMD (HiMSEN),"1 x Nakashima, FP Propeller","1 x Exhaust Scrubber - SOx - Langh Tech, 1 x BWTS - Ballast Water Treatment System",True,False,2026-09-12T00:00:00,2021-11-01T00:00:00,[],[],[],[],[],[],[],,,,,,,,,Eco – Electronic Engine Modern,,,Eco Queen,,,,,True,,,,,,,,,,
16300743,9768540.0,Da Qing,2017-04-01T00:00:00,Multipurpose,"Multi-Purpose (20,000 + dwt.)",Multi-Purpose/Heavy Lift Cargo,China P.R.,5.83333,413491180.0,China Classification Society,Fleet,In Service,21992,28612.0,179.67,9.2,28.0,,546474,COSCO Shipping Spec,China P.R.,824220,China COSCO Shipping,China P.R.,,983412,Shanghai Shipyard,China P.R.,28612.0,DWT,BOHT,79397.002,2015-01-08T00:00:00,16233.53828,Shanghai Shipyard,546474.0,COSCO Shipping Spec,China P.R.,546474.0,COSCO Shipping Spec,China P.R.,,,,,,B,True,,Diesel 2-Stroke,VLS IFO,1 x Diesel - WinGD 6RT-flex50-D,3 x Aux. Diesel Gen. - MAN Energy Solutions,"1 x Dalian Marine, FP Propeller, 95rpm ",2 x BWTS - Ballast Water Treatment System - COSCO (Weihai),True,False,2027-04-11T00:00:00,2022-02-18T00:00:00,[],[],[],[],[],[],[],,,,1045.0,True,,,,Eco – Electronic Engine Modern,290.0,RMBm,,DA Type 3,,,,,,,,True,,,,,,
16303607,9645437.0,Aegean Vision,2017-05-01T00:00:00,Crude Tankers,"Suezmax (125,000-199,999 dwt)",Tanker,Greece,5.75,241493000.0,American Bureau of Shipping,Fleet,In Service,81349,158871.0,274.0,17.168,48.0,,332554,Arcadia Shipmgmt,Greece,332554,Arcadia Shipmgmt,Greece,NEW HORIZON MARINE CO.,392961,Hyundai HI (Ulsan),South Korea,158871.0,DWT,SVCO7,78980.008,2015-03-13T00:00:00,30209.39321,Hyundai HI (Ulsan),332554.0,Arcadia Shipmgmt,Greece,332554.0,Arcadia Shipmgmt,Greece,166301.0,12.0,3.0,False,,,False,,Diesel 2-Stroke,VLS IFO,1 x Diesel - MAN B. & W. 6G70ME-C9.2,3 x Aux. Diesel Gen. - HHI-EMD (HiMSEN),"1 x HHI-EMD (HiMSEN), FP Propeller, 77.10rpm ",1 x BWTS - Ballast Water Treatment System - HHI-EMD (HiBallast),True,False,2027-05-07T00:00:00,2022-07-14T00:00:00,[],[],[],[],[],[],[],,,,,,,,,Eco – Electronic Engine Modern,,,,,,,,,,,,,,,,,,
16306703,9769635.0,Precious Coral,2015-10-01T00:00:00,Other Dry General Cargo,General Cargo,General Cargo,Panama,7.33333,374632000.0,Nippon Kaiji Kyokai,Fleet,In Service,9967,14301.0,127.67,9.446,19.6,,170433,First Marine Service,Japan,164645,First Marine,Japan,GROWING MARITIME S.A.,402840,Higaki Zosen,Japan,14301.0,DWT,3FRV6,79320.003,2014-05-01T00:00:00,9782.391,Higaki Zosen,170433.0,First Marine Service,Japan,170433.0,First Marine Service,Japan,,,,,,,,13.0,Diesel 2-Stroke,VLS IFO,1 x Diesel - MAN B. & W. 6S35ME-B9.3,2 x Aux. Diesel Gen. - Yanmar,1 x Propeller,1 x BWTS - Ballast Water Treatment System,True,False,2025-10-06T00:00:00,2020-09-17T00:00:00,[],[],[],[],[],[],[],,,,,True,,,,Eco – Electronic Engine Modern,,,,,,,,,,,,False,,,,,,
16313301,9790050.0,Ever Board,2018-12-01T00:00:00,Containerships,"Feeder Containership 100-2,999 TEU",Fully Cellular Container,Taiwan,4.16667,416038000.0,CR Classification Society,Fleet,In Service,32145,37259.0,211.0,10.0,32.8,,164032,Evergreen Marine,Taiwan,164032,Evergreen Marine,Taiwan,Evergreen Marine Corp. (Taiwan) Ltd.,452016,Imabari SB (Imabari),Japan,2910.0,TEU,BKLQ,79690.006,2015-09-10T00:00:00,22059.24953,Imabari SB (Imabari),164032.0,Evergreen Marine,Taiwan,164032.0,Evergreen Marine,Taiwan,,,,,,,False,21.8,Diesel 2-Stroke,IFO 380,1 x Diesel - MAN B. & W. 8S70ME-C8.5,4 x Aux. Diesel Gen. - Daihatsu,"1 x Nakashima, FP Propeller, 91rpm ","1 x Exhaust Scrubber - SOx - Alfa Laval, 1 x BWTS - Ballast Water Treatment System",True,False,,,[],[],[],[],[],[],[],,,,2910.0,False,,688.0,,Eco – Electronic Engine Modern,,,,,,,,True,,,,,,,,,,
16313927,9779018.0,Iris Harmony,2019-02-01T00:00:00,Bulkcarriers,Handysize Bulker,Bulk Carrier,Liberia,4.0,636019108.0,Nippon Kaiji Kyokai,Fleet,In Service,23703,38593.0,180.0,10.45,30.0,,232508,ORIX Maritime Corp,Japan,223506,Orix Corporation,Japan,Asama Marine SA,396251,Tsuneishi Cebu,Philippines,38593.0,DWT,D5SY8,79705.003,2015-05-01T00:00:00,13521.59803,Tsuneishi Cebu,,,,717539.0,Union Marine Mgmt,Singapore,,,,,,,,,Diesel 2-Stroke,VLS IFO,1 x Diesel - MAN B. & W. 6S50ME-C8.5,3 x Aux. Diesel Gen. - Yanmar,"1 x FP Propeller, 108rpm ",1 x BWTS - Ballast Water Treatment System,True,False,2024-02-17T00:00:00,2019-02-18T00:00:00,[],[],[],[],[],[],[],,,,,True,,,,Eco – Electronic Engine Modern,,,,TESS38,5.0,5.0,,,,,,,,,,,,
16321856,,Chang Sheng Ji 5,2012-09-01T00:00:00,Multipurpose,"Multi-Purpose (10,000-19,999 dwt.)",Multi-Purpose,China P.R.,10.41667,413697570.0,Unknown,Fleet,In Service,11269,15800.0,154.81,8.0,22.2,,776152,Shishi Changsheng,China P.R.,776152,Shishi Changsheng,China P.R.,,770239,Jinda Shipyard,China P.R.,15800.0,DWT,BVIP5,,2010-01-01T00:00:00,10582.06456,Jinda Shipyard,776152.0,Shishi Changsheng,China P.R.,776152.0,Shishi Changsheng,China P.R.,,,,,,,,12.5,Diesel 4-Stroke,VLS IFO,1 x Diesel - Pielstick,,1 x Propeller,,,False,,2013-09-13T00:00:00,[],[],[],[],[],[],[],,,,872.0,False,,,,,,,,,4.0,,,,,,,,,,,,,
16329502,9814040.0,Le Bougainville,2019-04-01T00:00:00,Cruise,Cruise <500 Berths,Cruise Ship,France,3.83333,578001300.0,Bureau Veritas,Fleet,In Service,9988,1305.0,131.5,4.7,18.0,,314505,Ponant,France,314505,Ponant,France,SAS CAROLINE 69,392187,VARD Soeviknes,Norway,180.0,Berths,FLDT,80077.003,2016-08-12T00:00:00,23434.01468,VARD Soeviknes,314505.0,Ponant,France,314505.0,Ponant,France,,,,,,IC,True,15.0,Diesel Electric,VLS MDO,4 x Diesel Gen. - Wartsila 4-stroke 8L20,,"2 x Fundilusa, CP Propeller",1 x BWTS - Ballast Water Treatment System,True,False,2024-04-04T00:00:00,2019-04-05T00:00:00,[],[],[],[],[],[],[],,,,,,,,,,,,,VARD 6 08,,,,,,180.0,180.0,,,,,,,
16334106,9836000.0,Caitlyn 7,2018-07-01T00:00:00,Ferries,"Passenger Ferries <10,000 GT",Pass./Car Ferry,Indonesia,4.58333,525200335.0,Biro Klasifikasi Indonesia,Fleet,In Service,8274,2484.0,106.25,4.2,20.4,,925194,Munic Line,Indonesia,925194,Munic Line,Indonesia,,807131,Fujian Funing SB,China P.R.,337.0,Passengers,YCIO2,80133.006,2017-07-13T00:00:00,12095.05959,Fujian Funing SB,925194.0,Munic Line,Indonesia,925194.0,Munic Line,Indonesia,,,,,,,,,Diesel 4-Stroke,VLS IFO,2 x Diesel - Ningbo C.S.I. Power G8300ZC30B,"3 x Aux. Diesel Gen. - Weichai Heavy, 2 x Aux. Diesel Gen. - Weichai Heavy",2 x Propeller,,,False,,,[],[],[],[],[],[],[],,,61.0,,,,,,,,,,,,,,,,337.0,,,,,,,,
16338320,9837602.0,Universal Winner,2019-03-01T00:00:00,Crude Tankers,"VLCC (200,000+ dwt)",Tanker,South Korea,3.91667,440274000.0,Korean Register of Shipping,Fleet,In Service,156331,299981.0,336.0,21.6015,60.0,43745.0,211961,HMM,South Korea,211961,HMM,South Korea,SPARTA INTERNATIONAL 2 S.A.,402529,Daewoo (DSME),South Korea,299981.0,DWT,D7HR,80241.002,2017-09-04T00:00:00,43837.61799,Daewoo (DSME),332396.0,BP Shipping,United Kingdom,720018.0,HMM Ocean Service,South Korea,313992.0,15.0,3.0,False,,,False,16.6,Diesel 2-Stroke,IFO 380,1 x Diesel - MAN B. & W. 7G80ME-C9.5,3 x Aux. Diesel Gen. - HHI-EMD (HiMSEN),"1 x FP Propeller, 66.40rpm ","1 x Exhaust Scrubber - SOx - Wartsila Moss, 3 x Selective Catalytic Reduction - NOx - HHI-EMD (HiMSEN), 1 x Selective Catalytic Reduction - NOx - HSD Engine, 6 x BWTS - Ballast Water Treatment System - TechCross, 1 x BWTS - Ballast Water Treatment System - TechCross",True,False,2024-03-28T00:00:00,2019-03-29T00:00:00,[],[],[],[],[],[],[],,,,,,,,,Eco – Electronic Engine Modern,,,,,,,,True,,,,,,,,,,True
16341470,9834325.0,LNG Megrez,2020-10-01T00:00:00,LNG,"Conventional LNG Carrier 60,000+ cbm",LNG Carrier,Hong Kong,2.33333,477345600.0,China Classification Society,Fleet,In Service,114790,91430.0,295.0,12.5,45.0,,124360,Mitsui OSK Lines,Japan,124360,Mitsui OSK Lines,Japan,Arctic Indigo LNG Shipping Ltd.,983412,SCS Shipbuilding,China P.R.,174000.0,cu.m.,VRSQ9,80317.004,2017-06-29T00:00:00,88284.55582,SCS Shipbuilding,814047.0,Yamal Trade Pte,Singapore,622187.0,MOL LNG Europe,United Kingdom,174000.0,,,,,,False,19.5,Diesel 2-Stroke,"LNG, VLS IFO",2 x Diesel - WinGD 6X72DF,"2 x Aux. Diesel Gen. - Wartsila 4-stroke, 2 x Aux. Diesel Gen. - Wartsila 4-stroke","2 x Propeller, 69.10rpm ","2 x Selective Catalytic Reduction - NOx - HSD Engine, 2 x BWTS - Ballast Water Treatment System - SunRui",True,False,2025-10-30T00:00:00,2020-10-31T00:00:00,[],[],[],[],[],[],[],,,,,,,,,Eco – Electronic Engine Modern,,,,Hudong G4 Changxing 174K M3,,,,,,,,,-163.0,GT,Y,LNG,,True
16343890,9842554.0,National Geographic Endurance,2020-03-01T00:00:00,Cruise,Cruise <500 Berths,Cruise Ship,Bahamas,2.91667,311000929.0,DNV,Fleet,In Service,12786,2100.0,124.4,5.7,21.0,,525790,Lindblad Expeditions,United States,525790,Lindblad Expeditions,United States,Lex Endurance Ltd.,584287,Ulstein Ulsteinvik,Norway,126.0,Berths,C6EL6,80445.001,2017-11-07T00:00:00,27650.83999,Ulstein Ulsteinvik,525790.0,Lindblad Expeditions,United States,525790.0,Lindblad Expeditions,United States,,,,,,PC5,True,16.5,Diesel Electric,VLS MGO,"2 x Diesel Gen. - General Electric 12V250MDC, 2 x Diesel Gen. - General Electric 8L250MDC",,"2 x ABB, Azimuth, Pod","4 x EGR Exhaust Gas Recirculation - NOx - General Electric, 1 x Sewage Treatment Plant, 1 x BWTS - Ballast Water Treatment System",True,False,2025-06-16T00:00:00,2020-03-16T00:00:00,[],[],[],[],[],[],[],,,,,,,,,,,,,Bespoke Design,,,,,,126.0,126.0,,,,,,,True
16345049,9837808.0,Morning Emma,2019-02-01T00:00:00,LPG,"Small LPG 5-14,999 cbm",LPG Carrier,Panama,4.0,,Nippon Kaiji Kyokai,Fleet,In Service,4301,4984.0,99.98,6.1,17.2,,296692,Toda Kisen KK,Japan,296692,Toda Kisen KK,Japan,"Toda Ship Co, Ltd.",404107,Sasaki Zosen,Japan,5018.0,cu.m.,H9EZ,80396.002,2017-09-20T00:00:00,7303.41992,Sasaki Zosen,598044.0,Tosoh Logistics,Japan,566948.0,Dongkuk Marine,South Korea,5018.0,,,,,,,,Diesel 2-Stroke,VLS IFO,1 x Diesel - MAN B. & W. 5L35MC6.2,2 x Aux. Diesel Gen. - Daihatsu,"1 x Nakashima, FP Propeller, 178rpm ",1 x BWTS - Ballast Water Treatment System,True,False,2024-02-26T00:00:00,2019-02-27T00:00:00,[],[],[],[],[],[],[],,,,,,,,,,1.8,JPYbn,,,,,,,,,,,-10.0,,,,18.0,
16350748,9847633.0,Yuan Peng Yang,2021-02-01T00:00:00,Crude Tankers,"VLCC (200,000+ dwt)",Tanker,Hong Kong,2.0,477648200.0,China Classification Society,Fleet,In Service,159819,310298.0,332.93611,21.94,60.0,,837525,COSCO Shpg Energy,China P.R.,824220,China COSCO Shipping,China P.R.,Yuan Peng Yang Shipping Ltd.,871424,Dalian COSCO KHI,China P.R.,310298.0,DWT,VRTU6,80518.002,2017-11-01T00:00:00,44392.48233,Dalian COSCO KHI,837525.0,COSCO Shpg Energy,China P.R.,837525.0,COSCO Shpg Energy,China P.R.,340064.0,15.0,3.0,False,,,,15.0,Diesel 2-Stroke,VLS IFO,1 x Diesel - MAN B. & W. 7G80ME-C9.5,3 x Aux. Diesel Gen.,1 x FP Propeller,"3 x Selective Catalytic Reduction - NOx, 1 x EGR Exhaust Gas Recirculation - NOx - MAN B. & W., 1 x HVEC -High Voltage External Connection, 2 x BWTS - Ballast Water Treatment System - SunRui",True,False,2026-02-25T00:00:00,2021-02-26T00:00:00,[],[],[],[],[],[],[],,,,,,,,,Eco – Electronic Engine Modern,80.0,$m,,,,,,,,,,,,,,,,True
16351790,9850575.0,Ever Forever,2020-12-01T00:00:00,Containerships,"Neo-Panamax Containership 12,000-16,999 TEU",Fully Cellular Container,Panama,2.16667,351571000.0,American Bureau of Shipping,Fleet,In Service,120000,127076.0,333.96,16.4,48.4,,164032,Evergreen Marine,Taiwan,164032,Evergreen Marine,Taiwan,Greencompass Marine SA,452337,Samsung HI,South Korea,12118.0,TEU,H3WC,80534.006,2018-02-08T00:00:00,54025.25784,Samsung HI,164032.0,Evergreen Marine,Taiwan,164032.0,Evergreen Marine,Taiwan,,,,,,,False,23.0,Diesel 2-Stroke,IFO 380,1 x Diesel - WinGD 9X92,4 x Aux. Diesel Gen. - HHI-EMD (HiMSEN),"1 x Nakashima, FP Propeller, 80rpm ","1 x Exhaust Scrubber - SOx - Alfa Laval, 4 x Selective Catalytic Reduction - NOx - PANASIA, 1 x Selective Catalytic Reduction - NOx - HSD Engine, 1 x BWTS - Ballast Water Treatment System",True,False,2025-12-14T00:00:00,2020-12-14T00:00:00,[],[],[],[],[],[],[],,,,12118.0,False,,2000.0,,Eco – Electronic Engine Modern,94.4,$m,,,,,,True,,,,,,,,,,True
16356579,9880879.0,Maran Eagle,2021-02-01T00:00:00,Bulkcarriers,Capesize Bulker,Bulk Carrier,Greece,2.0,241823000.0,Bureau Veritas,Fleet,In Service,109731,209388.0,299.92,18.55,50.0,,158581,Maran Dry Mngt,Greece,333414,Angelicoussis Group,Greece,Comino Enterprises SA,983412,Shanghai Waigaoqiao,China P.R.,209388.0,DWT,SVDM8,80668.004,2019-01-01T00:00:00,34434.90534,Shanghai Waigaoqiao,158581.0,Maran Dry Mngt,Greece,158581.0,Maran Dry Mngt,Greece,,,,,,,,,Diesel 2-Stroke,IFO 380,1 x Diesel - MAN B. & W. 6G70ME-C9.5,"2 x Aux. Diesel Gen. - Yanmar, 1 x Aux. Diesel Gen. - Yanmar","1 x Dalian Marine, FP Propeller, 75rpm ","1 x Exhaust Scrubber - SOx - Yara Marine Tech, 3 x Selective Catalytic Reduction - NOx - Yanmar, 1 x Selective Catalytic Reduction - NOx, 1 x BWTS - Ballast Water Treatment System - S&SYS(Samsung HI)",True,False,2026-02-25T00:00:00,2021-02-26T00:00:00,[],[],[],[],[],[],[],,,,,False,,,,Eco – Electronic Engine Modern,,,Atlantic Bear,SWS 210K,9.0,9.0,,True,,,,,,,,,,True
16357550,9859648.0,POS Bangkok,2019-11-01T00:00:00,Containerships,"Feeder Containership 100-2,999 TEU",Fully Cellular Container,Panama,3.25,371369000.0,Korean Register of Shipping,Fleet,In Service,18085,22317.0,172.0,9.75,27.4,,143082,Pan Ocean,South Korea,143082,Pan Ocean,South Korea,POS MARITIME KD S.A.,392961,Hyundai Mipo,South Korea,1811.0,TEU,3FDX9,80691.001,2018-06-06T00:00:00,14918.67283,Hyundai Mipo,143082.0,Pan Ocean,South Korea,826732.0,POS SM Co Ltd,South Korea,,,,,,,False,18.0,Diesel 2-Stroke,IFO 380,1 x Diesel - MAN B. & W. 6S60ME-C10.5,3 x Aux. Diesel Gen. - HHI-EMD (HiMSEN),1 x FP Propeller,"1 x Exhaust Scrubber - SOx - PANASIA, 1 x BWTS - Ballast Water Treatment System",True,False,2024-11-07T00:00:00,2019-11-08T00:00:00,[],[],[],[],[],[],[],,,,1811.0,,1213.0,558.0,27.7,Eco – Electronic Engine Modern,,,,1800 TEU Mk II,,,,True,,,,,,,,,,
16358731,,Hai Na Chuan 99,2018-09-01T00:00:00,Chemical Tankers,"Chemical Tankers (<10,000 dwt)",Chemical & Oil Carrier,China P.R.,4.41667,,China Classification Society,Fleet,In Service,3265,5200.0,104.9,,16.2,,934970,Zhenjiang Sopo Trans,China P.R.,934970,Zhenjiang Sopo Trans,China P.R.,,598381,Yangzhou Wanlong,China P.R.,5200.0,DWT,,,2017-01-01T00:00:00,7193.08245,Yangzhou Wanlong,934970.0,Zhenjiang Sopo Trans,China P.R.,934970.0,Zhenjiang Sopo Trans,China P.R.,,,,True,2.0,,,10.0,Diesel 4-Stroke,ULS IFO,2 x Diesel - Zichai Power,,2 x Propeller,,,False,2023-09-18T00:00:00,2018-09-19T00:00:00,[],[],[],[],[],[],[],,,,,,,,,,,,,,,,,,,,,,,,,,,
16361036,9864916.0,GasLog Georgetown,2020-11-01T00:00:00,LNG,"Conventional LNG Carrier 60,000+ cbm",LNG Carrier,Bermuda,2.25,310800000.0,American Bureau of Shipping,Fleet,In Service,115636,96000.0,293.16,12.5,45.8,,562032,GasLog,Greece,562032,GasLog,Greece,Gas-Thirty Two Ltd.,452337,Samsung HI,South Korea,174000.0,cu.m.,ZCEZ2,80766.001,2018-08-17T00:00:00,88726.48145,Samsung HI,582905.0,Cheniere Energy Inc,United States,623463.0,GasLog LNG Services,Greece,174000.0,,,,,,,19.5,Diesel 2-Stroke,"LNG, VLS IFO",2 x Diesel - WinGD 5X72DF,"2 x Aux. Diesel Gen. - HHI-EMD (HiMSEN), 2 x Aux. Diesel Gen. - HHI-EMD (HiMSEN)","2 x Silla Metal, FP Propeller, 74rpm ","2 x Selective Catalytic Reduction - NOx - HSD Engine, 4 x Selective Catalytic Reduction - NOx - PANASIA, 1 x BWTS - Ballast Water Treatment System - S&SYS(Samsung HI)",True,False,2025-11-15T00:00:00,2020-11-16T00:00:00,[],[],[],[],[],[],[],,,,,,,,,Eco – Electronic Engine Modern,182.3,$m,,,,,,,,,,,-163.0,TZM,Y,LNG,,True
16361731,9858888.0,Hokuyu Maru,2019-08-01T00:00:00,Other Dry General Cargo,General Cargo,Cement Carrier,Japan,3.5,431013789.0,Nippon Kaiji Kyokai,Fleet,In Service,5750,8644.0,110.17,7.214,19.4,,164645,First Marine,Japan,164645,First Marine,Japan,DAIICHI CHUO KISEN KAISHA,404099,Miura Zosensho,Japan,8644.0,DWT,JD4627,,2018-04-01T00:00:00,5698.95704,Miura Zosensho,,,,164645.0,First Marine,Japan,,,,,,,,,Diesel 4-Stroke,VLS IFO,1 x Diesel - Hanshin 6LH46LAE,2 x Aux. Diesel Gen. - Yanmar,1 x Propeller,,,False,2024-08-25T00:00:00,2019-08-26T00:00:00,[],[],[],[],[],[],[],,,,,True,,,,,,,,,,,,,,,,,,,,,,
16367588,9893876.0,Maersk Nassjo,2021-09-01T00:00:00,Containerships,"Feeder Containership 100-2,999 TEU",Fully Cellular Container,Liberia,1.41667,636093010.0,DNV,Fleet,In Service,25514,31093.0,171.9,10.5,32.2,,954857,Gerchicon,Germany,954857,Gerchicon,Germany,Gerfucon GmbH & Co. KG,1000420,Zhoushan Changhong,China P.R.,2362.0,TEU,D5VC9,80915.003,2018-12-19T00:00:00,18852.24242,Zhoushan Changhong,944287.0,Sealand,Denmark,618469.0,Interorient Germany,Germany,,,,,,,,,Diesel 2-Stroke,VLS IFO,1 x Diesel - MAN B. & W. 6G60ME-C9.5,4 x Aux. Diesel Gen. - MAN Energy Solutions,"1 x FP Propeller, 97rpm ",2 x BWTS - Ballast Water Treatment System - PANASIA,True,False,2026-09-06T00:00:00,2021-09-06T00:00:00,[],[],[],[],[],[],[],,,,2362.0,True,1570.0,1600.0,,Eco – Electronic Engine Modern,,,,,,,,,,,,,,,,,,
16374010,9892975.0,Atlantic Emerald,2022-02-01T00:00:00,Products Tankers,"LR2 (85,000-124,999 dwt)",Product Carrier,Liberia,1.0,636021119.0,American Bureau of Shipping,Fleet,In Service,64933,109201.0,249.9,15.0,44.0,,746100,Eastern Pacific Shpg,Singapore,746100,Eastern Pacific Shpg,Singapore,Ceprodure Shipping Inc.,453163,New Times SB,China P.R.,109201.0,DWT,5LCJ5,81233.001,2019-07-01T00:00:00,26567.24705,New Times SB,,,,746100.0,Eastern Pacific Shpg,Singapore,123446.0,,,True,,1C,True,14.0,Diesel 2-Stroke,"LNG, VLS IFO",1 x Diesel - MAN B. & W. 6G60ME-C9.5-GI,3 x Aux. Diesel Gen. - HHI-EMD (HiMSEN),"1 x Dalian Anda, FP Propeller, 87.70rpm ","1 x Selective Catalytic Reduction - NOx - HHI-EMD (HiMSEN), 3 x Selective Catalytic Reduction - NOx - HHI-EMD (HiMSEN), 1 x BWTS - Ballast Water Treatment System - SunRui",True,False,2027-02-14T00:00:00,2022-02-14T00:00:00,[],[],[],[],[],[],[],,,,,,,,36.66,Eco – Electronic Engine Modern,,,Clearocean Emerald,,,,,,,,,,,,Y,LNG,,True
16374094,9838888.0,Meratus Waingapu,2019-04-01T00:00:00,Containerships,"Feeder Containership 100-2,999 TEU",Fully Cellular Container,Indonesia,3.83333,525125014.0,China Classification Society,Fleet,In Service,11512,13201.0,146.0,6.5,23.25,,405333,Huanghai SB,China P.R.,405333,Huanghai SB,China P.R.,Meratus Line,405333,Huanghai SB,China P.R.,880.0,TEU,YCRS2,81057.002,2017-04-07T00:00:00,10973.27169,Huanghai SB,293420.0,Meratus Line,Indonesia,,,,,,,,,,False,,Diesel 2-Stroke,VLS IFO,1 x Diesel - J-ENG 6UEC33LSE-C2,3 x Aux. Diesel Gen.,"1 x Propeller, 133rpm ",1 x BWTS - Ballast Water Treatment System,True,False,2024-04-23T00:00:00,2019-04-24T00:00:00,[],[],[],[],[],[],[],,,,880.0,True,,,,,,,Huang Hai 6,,,,,,,,,,,,,,,
16375633,9865348.0,Atlantic Sakura,2020-04-01T00:00:00,Bulkcarriers,Panamax Bulker,Bulk Carrier,Marshall Is.,2.83333,538008749.0,Nippon Kaiji Kyokai,Fleet,In Service,43232,81727.0,228.99,14.43,32.26,,296300,Sugahara Kisen,Japan,296300,Sugahara Kisen,Japan,BRIGHT CARRIER S.A.,396251,Tsuneishi Zosen,Japan,81727.0,DWT,V7A2719,81092.003,2018-02-01T00:00:00,19509.19041,Tsuneishi Zosen,,,,296300.0,Sugahara Kisen,Japan,,,,,,,,,Diesel 2-Stroke,VLS IFO,1 x Diesel - MAN B. & W. 6S60ME-C8.2,3 x Aux. Diesel Gen. - Daihatsu,"1 x FP Propeller, 89rpm ",1 x BWTS - Ballast Water Treatment System,True,False,2025-04-15T00:00:00,2020-04-16T00:00:00,[],[],[],[],[],[],[],,,,,False,,,,Eco – Electronic Engine Modern,,,Ikan Bilis,Kamsarmax MK IV (TESS82 IV),7.0,7.0,,,,,,,,,,,,
16390681,9899296.0,Calypso,2021-07-01T00:00:00,Crude Tankers,"Aframax Crude (85,000-124,999 dwt)",Tanker,Bahamas,1.58333,311001046.0,Lloyd's Register,Fleet,In Service,60121,111930.0,237.0,15.03,44.0,18800.0,306050,Samos Steamship,Greece,306050,Samos Steamship,Greece,Murano Navigation SA,396222,Sumitomo (Yokosuka),Japan,111930.0,DWT,C6EZ7,81431.001,2019-10-01T00:00:00,25426.47576,Sumitomo (Yokosuka),306050.0,Samos Steamship,Greece,306050.0,Samos Steamship,Greece,119600.0,12.0,3.0,False,,,,15.0,Diesel 2-Stroke,VLS IFO,1 x Diesel - MAN B. & W. 6G60ME-C9.5,3 x Aux. Diesel Gen. - Daihatsu,1 x FP Propeller,1 x BWTS - Ballast Water Treatment System - S&SYS(Samsung HI),True,False,2026-07-13T00:00:00,2021-07-14T00:00:00,[],[],[],[],[],[],[],,,,,,,,,Eco – Electronic Engine Modern,,,,SumitomoHI 112K OT,,,,,,,,,,,,,,
16391312,9801574.0,Dorado,2021-06-01T00:00:00,Products Tankers,"MR (40,000-54,999 dwt)",Chemical & Oil Carrier,Hong Kong,1.66667,477664900.0,Lloyd's Register,Fleet,In Service,29260,50067.0,183.1,13.316,32.2,,451464,Wilmar International,Singapore,451464,Wilmar International,Singapore,Samantha Shipping Co. Pte. Ltd.,402532,Dae Sun Shipbuilding,South Korea,50067.0,DWT,VRTJ5,81382.002,2019-12-25T00:00:00,24028.69379,Dae Sun Shipbuilding,451464.0,Wilmar International,Singapore,751241.0,Raffles Technical,Singapore,52000.0,12.0,,True,,,,,Diesel 2-Stroke,VLS IFO,1 x Diesel - MAN B. & W. 6S50ME-B9.3,3 x Aux. Diesel Gen.,1 x Propeller,1 x BWTS - Ballast Water Treatment System,True,False,2026-06-22T00:00:00,2021-06-23T00:00:00,[],[],[],[],[],[],[],,,,,,,,,Eco – Electronic Engine Modern,,,,,,,,,,,,,,,,,,
33102466,9618757.0,Mar Limpo II,2012-08-01T00:00:00,AHTS+Supply,PSV,Platform Supply,Brazil,10.5,710007570.0,DNV,Fleet,In Service,1675,1400.0,61.7,5.009,14.0,,408105,Bravante Offshore,Brazil,703932,Bravante Group,Brazil,Brasbunker Participacoes S.A.,703932,Sao Miguel Shipyard,Brazil,1400.0,DWT,PQ2750,30003.0,2010-01-01T00:00:00,4588.24938,Sao Miguel Shipyard,408105.0,Bravante Offshore,Brazil,723449.0,Brasbunker,Brazil,,,,,,,,,Diesel Electric,VLS MDO,3 x Diesel Gen. - Caterpillar 3512C,1 x Aux. Diesel Gen. - Caterpillar,"2 x Rolls-Royce Marine, Azimuth, Contra-Rotating",,,False,2027-08-06T00:00:00,2022-07-18T00:00:00,[],[],[],[],[],[],[],,,,,,,,,,,,,UT 775 SE,,,,,,,,,,,,,,
33102531,9589061.0,Chayari Tide,2011-10-01T00:00:00,AHTS+Supply,AHTS,Anchor Handling Tug/Supply,Vanuatu,11.33333,576604000.0,American Bureau of Shipping,Fleet,In Service,1476,1301.0,58.7,4.75,14.6,,355690,Tidewater Marine,United States,996051,Tidewater,United States,PURPLE FLEET LIMITED,560575,Guangxin SB,China P.R.,5221.0,HP,YJQX9,31362.0,2009-01-10T00:00:00,4242.20228,Guangxin SB,355690.0,Tidewater Marine,United States,355690.0,Tidewater Marine,United States,,,,,,,,,Diesel 4-Stroke,VLS MDO,2 x Diesel - Caterpillar 3516B-HD,3 x Aux. Diesel Gen. - Caterpillar,"2 x ZF Marine, CP Propeller",,,False,2026-10-05T00:00:00,2022-02-12T00:00:00,[],[],[],[],[],[],[],,,,,,,,,,,,,58.7M,,,,,,,,,,,,,,
33102541,9589487.0,Shark-54,2011-06-01T00:00:00,AHTS+Supply,AHTS,Anchor Handling Tug/Supply,Kuwait,11.66667,447107000.0,Unknown,Fleet,Laid Up,1161,1104.0,55.0,4.3,13.8,,363916,Arabian Gulf Mech.,Kuwait,363916,Arabian Gulf Mech.,Kuwait,ARABIAN GULF MECHANICAL SERVICES & CONTRACTING CO.,389529,Jiangsu Zhenjiang SY,China P.R.,5220.0,HP,9KDB,31359.0,2009-06-30T00:00:00,3655.55909,Jiangsu Zhenjiang SY,,,,363916.0,Arabian Gulf Mech.,Kuwait,,,,,,,,,Diesel 4-Stroke,VLS MDO,2 x Diesel - Caterpillar 3516B-HD,3 x Aux. Diesel Gen. - Caterpillar,"2 x Berg Propulsion, CP Propeller",,,False,,2016-06-20T00:00:00,[],[],[],[],[],[],[],,,,,,,,,,,,,55M AHTS,,,,,,,,,,,,,,
33103025,9631759.0,Normand Statesman,2013-06-01T00:00:00,AHTS+Supply,AHTS,Anchor Handling Tug/Supply,Brazil,9.66667,710002997.0,DNV,Fleet,In Service,6170,4015.0,87.4,7.777,21.0,,680637,Ocean Yield,Norway,680637,Ocean Yield,Norway,F-Shiplease AS,392187,VARD Langsten,Norway,21457.0,HP,PU3343,30192.0,2011-06-01T00:00:00,10297.56717,VARD Langsten,892153.0,Solstad Offshore,Norway,892153.0,Solstad Offshore,Norway,,,,,,C,True,12.0,Hybrid Mech./Elec.,VLS MGO,"4 x Diesel Gen. - Caterpillar 3516B, 2 x Diesel - Bergen B32:40L9P",,"2 x KaMeWa, CP Propeller","7 x Selective Catalytic Reduction - NOx - H+H Umwelt, 1 x Oily Water Separator - Marinfloc, 1 x BWTS - Ballast Water Treatment System - Optimarin",True,False,2023-06-04T00:00:00,2018-06-27T00:00:00,[],[],[],[],[],[],[],,,,,,,,19.1,,109.0,$m,Far Statesman,UT 731 CD,,,,,,,,,,,,,,True
33106251,9724295.0,Elk,2015-02-01T00:00:00,AHTS+Supply,PSV,Platform Supply,United States,8.0,367651380.0,American Bureau of Shipping,Fleet,In Service,1158,1618.0,61.2648,4.66,14.6304,,726559,Adriatic Marine,United States,726559,Adriatic Marine,United States,Adriatic Marine LLC,398884,Master Boat Builders,United States,1618.0,DWT,WDH 7758,30509.0,2013-12-10T00:00:00,3649.69976,Master Boat Builders,726559.0,Adriatic Marine,United States,726559.0,Adriatic Marine,United States,,,,,,,,5.0,Diesel 4-Stroke,VLS MDO,2 x Diesel - Caterpillar 3512C-HD,2 x Aux. Diesel Gen. - Caterpillar,"2 x Hung Shen, FP Propeller",,,False,2025-02-12T00:00:00,2020-02-14T00:00:00,[],[],[],[],[],[],[],,,,,,,,,,,,,,,,,,,36.0,,,,,,,,
33108822,9785500.0,Energos Nanook,2018-09-01T00:00:00,LNG,"Conventional LNG Carrier 60,000+ cbm",LNG/Regasification,Marshall Is.,4.41667,538007148.0,DNV,Fleet,In Service,102100,81747.0,280.57,12.15,43.4,,997703,Energos Inf.,United States,997701,Apollo Global,United States,Golar Fsru8 Corp.,452337,Samsung HI,South Korea,170000.0,cu.m.,V7XK3,,2015-07-17T00:00:00,81524.37593,Samsung HI,914649.0,CELSE ,Brazil,994807.0,CoolCo,Bermuda,170000.0,,,,,,False,,Diesel Electric,"LNG, VLS IFO",4 x Diesel Gen. - Wartsila 4-stroke 8L50DF,,"2 x Nakashima, Propeller",1 x BWTS - Ballast Water Treatment System,True,False,2023-09-27T00:00:00,2018-09-27T00:00:00,[],[],[],[],[],[],[],,,,,,,,,,,,Golar Nanook,,,,,,,,,,-163.0,TZM,Y,LNG,,
59211262,9211262.0,Afamia,2005-05-01T00:00:00,Tugs,Tugs,Tug,Syria,17.75,,Unknown,Fleet,In Service,100,,14.4,1.35,5.03,,563439,Lattakia Port,Syria,563439,Lattakia Port,Syria,,452803,Damen Gorinchem,Netherlands,660.0,HP,,,2003-05-17T00:00:00,799.38838,Damen Gorinchem,563439.0,Lattakia Port,Syria,563439.0,Lattakia Port,Syria,,,,,,,,,Diesel 4-Stroke,VLS MDO,2 x Diesel - Caterpillar 3406C,,2 x FP Propeller,,,False,,2004-12-17T00:00:00,[],[],[],[],[],[],[],,,,,,,,,,,,,1405 Stan Tug,,,,,,,,,,,,,,
59489675,9489675.0,Vi-Nais,2007-11-01T00:00:00,RoRo,"Ro-Ro (Less Than 5,000 dwt tonnes)",Ro-Ro,Vanuatu,15.25,577403000.0,Isthmus Bureau of Shipping S.A.,Fleet,In Service,487,587.0,57.92,2.26,11.59,,450575,Marine Mgmt Services,United States,450575,Marine Mgmt Services,United States,,397487,Unknown Yard,Unknown,,Lane m.,YJWJ7,,2005-01-01T00:00:00,1578.67679,Unknown Yard,450575.0,Marine Mgmt Services,United States,450575.0,Marine Mgmt Services,United States,,,,,,,,8.7,Diesel 4-Stroke,VLS MDO,2 x Diesel - Caterpillar,,2 x Propeller,,,False,,,[],[],[],[],[],[],[],,,,,True,,,,,,,,,,,,,,,,,,,,,,
59583469,9583469.0,Dae Seung No. 3,2009-11-01T00:00:00,Tugs,Tugs,Tug,South Korea,13.25,,Korean Register of Shipping,Fleet,In Service,209,228.0,35.8,3.84,9.4,,675488,Dong Shin Shipping,South Korea,675488,Dong Shin Shipping,South Korea,"DONG SHIN SHIPPING CO., LTD.",397487,Unknown Yard,Unknown,3595.0,HP,,,2008-01-01T00:00:00,1262.54983,Unknown Yard,675488.0,Dong Shin Shipping,South Korea,675488.0,Dong Shin Shipping,South Korea,,,,,,,,14.0,Diesel 4-Stroke,VLS MDO,2 x Diesel - Niigata 6MG25HX,,2 x Propeller,,,False,2024-11-05T00:00:00,2019-10-22T00:00:00,[],[],[],[],[],[],[],,,,,,,,,,,,,,,,,,,,,,,,,,,
80404523,9309124.0,Campbell Bay,2011-11-01T00:00:00,Ferries,"Passenger Ferries <10,000 GT",Passenger/Cargo Vessel,India,11.25,419079700.0,Indian Register of Shipping,Fleet,In Service,8402,1128.0,125.0,4.5,18.0,,258029,Shpg Corp of India,India,258029,Shpg Corp of India,India,Directorate Of Shipping Services,621748,ABG Shipyard,India,500.0,Passengers,AUXE,,2006-01-01T00:00:00,20870.48174,ABG Shipyard,258029.0,Shpg Corp of India,India,258029.0,Shpg Corp of India,India,,,,,,,,14.0,Diesel 4-Stroke,VLS IFO,2 x Diesel - Yanmar 8N330-EN,4 x Aux. Diesel Gen.,2 x Propeller,,,False,2025-10-20T00:00:00,2020-10-21T00:00:00,[],[],[],[],[],[],[],,,,,,,,,,,,,,,,,,,500.0,,,,,,,,
80411413,9427524.0,Silver Kenna,2011-04-01T00:00:00,Chemical Tankers,"Chemical Tankers (<10,000 dwt)",Chemical & Oil Carrier,Danish Int'l,11.83333,219021321.0,Bureau Veritas,Fleet,In Service,3166,4393.0,92.35,5.4,15.2,3008.0,250623,Simonsen Tankers,Denmark,250623,Simonsen Tankers,Denmark,Rederiet M.H. Simonsen Aps,597184,Yizheng Yangzi SB,China P.R.,4393.0,DWT,OWOL2,77610.001,2008-01-01T00:00:00,7072.29368,Yizheng Yangzi SB,250623.0,Simonsen Tankers,Denmark,250623.0,Simonsen Tankers,Denmark,4548.0,12.0,12.0,True,2.0,IC,True,12.0,Diesel 4-Stroke,VLS IFO,2 x Diesel - MAN Energy Solutions 8L23/30A,2 x Aux. Diesel Gen. - Volvo Penta,"2 x Fundivisa, CP Propeller, 201rpm ",1 x BWTS - Ballast Water Treatment System - Brightsky,True,False,2026-04-12T00:00:00,2021-10-11T00:00:00,[],[],[],[],[],[],[],,,,,,,,,,,,Global Sun,,,,,,,,,,,,,,,
80442341,9555943.0,Guaiba,2010-08-01T00:00:00,Tugs,Tugs,Tug,Brazil,12.5,,Unknown,Fleet,In Service,450,227.0,,,,,138341,Vale,Brazil,138341,Vale,Brazil,,560759,Detroit Brasil,Brazil,6390.0,HP,,,2008-01-01T00:00:00,2031.18551,Detroit Brasil,138341.0,Vale,Brazil,138341.0,Vale,Brazil,,,,,,,,,Diesel 4-Stroke,VLS MDO,2 x Diesel - Caterpillar 3516B-HD,,2 x Propeller,,,False,,,[],[],[],[],[],[],[],,,,,,,,,,,,,,,,,,,,,,,,,,,
80452501,9620932.0,Cater 1,2011-03-01T00:00:00,Other Dry General Cargo,General Cargo,General Cargo,Morocco,11.91667,242042400.0,RINA,Fleet,In Service,441,600.0,40.56,2.27,13.62,,988528,Cater SA,Morocco,988528,Cater SA,Morocco,CATER SA,591874,Fratelli Maccioni,Italy,600.0,DWT,CNA5616,,2009-09-21T00:00:00,1329.85552,Fratelli Maccioni,988528.0,Cater SA,Morocco,988528.0,Cater SA,Morocco,,,,,,,,,Diesel 4-Stroke,VLS MDO,2 x Diesel - Caterpillar C18,,2 x FP Propeller,,,False,2026-03-21T00:00:00,2021-06-22T00:00:00,[],[],[],[],[],[],[],,,,,,,,,,,,Giuseppe II,,,,,,,,,,,,,,,
80465717,9714836.0,Energia I,2016-04-01T00:00:00,Products Tankers,"Sub-10,000 dwt Tanker",Product Carrier,Cuba,6.83333,323113000.0,Unknown,Fleet,In Service,946,1216.0,54.15,3.41199,12.25,,514123,Empresa Nav. Caribe,Cuba,514123,Empresa Nav. Caribe,Cuba,Navecaribe Habana,452803,Damex Shipbuilding,Cuba,1216.0,DWT,CL3703,,2013-07-01T00:00:00,2385.05932,Damex Shipbuilding,514123.0,Empresa Nav. Caribe,Cuba,514123.0,Empresa Nav. Caribe,Cuba,,6.0,,True,,,,10.0,Diesel 4-Stroke,VLS IFO,1 x Diesel,,1 x Propeller,,,False,2026-07-30T00:00:00,2021-07-30T00:00:00,[],[],[],[],[],[],[],,,,,,,,,,,,,,,,,,,,,,,,,,,
80470736,9753040.0,CSM 2,2014-12-01T00:00:00,Products Tankers,"Sub-10,000 dwt Tanker",Product Carrier,Singapore,8.16667,563030620.0,Bureau Veritas,Fleet,In Service,127,220.0,26.0,2.1,6.5,,767918,Central Star Marine,Singapore,767918,Central Star Marine,Singapore,Central Star Marine Supplies Pte Ltd,404365,President Marine,Singapore,220.0,DWT,9V3043,,2013-01-01T00:00:00,759.29293,President Marine,767918.0,Central Star Marine,Singapore,767918.0,Central Star Marine,Singapore,214.0,4.0,,,,,,,Diesel 4-Stroke,VLS MDO,1 x Diesel - Cummins Inc NTA855-M,1 x Aux. Diesel Gen. - Weichai Heavy,"1 x Nakashima, FP Propeller",,,False,2024-12-16T00:00:00,2019-12-16T00:00:00,[],[],[],[],[],[],[],,,,,,,,,,,,Pegasus,,,,,,,,,,,,,,,
80479294,9781059.0,Osanyamo,2018-02-01T00:00:00,Tugs,Tugs,Tug,Nigeria,5.0,657135500.0,Bureau Veritas,Fleet,In Service,1337,877.0,52.3,5.4,13.8,,670313,Starzs Investments,Nigeria,989808,Starzs Group,Nigeria,Starzs Investments Company Limited,401522,Damen Yichang,China P.R.,9110.0,HP,5NRL3,,2015-01-01T00:00:00,3989.87513,Damen Yichang,670313.0,Starzs Investments,Nigeria,670313.0,Starzs Investments,Nigeria,,,,,,,,14.0,Diesel 4-Stroke,VLS MDO,2 x Diesel - A.B.C. 16DZC-1000,"2 x Aux. Diesel Gen. - Caterpillar, 1 x Aux. Diesel Gen. - Caterpillar","2 x Fundilusa, CP Azimuth",,,False,2028-02-19T00:00:00,2023-04-01T00:00:00,[],[],[],[],[],[],[],,,,,,,,,,,,,,,,,,,,,,,,,,,
80479346,,Michigan,2020-02-01T00:00:00,Small Tugs,Tugs,Tug,United States,3.0,368108480.0,Unknown,Fleet,In Service,99,182.0,19.34,2.95,7.34,,501428,Great Lakes Towing,United States,501428,Great Lakes Towing,United States,The Great Lakes Towing Co.,554187,"Great Lakes, Ohio",United States,2000.0,HP,WDL2024,,2016-05-13T00:00:00,794.42271,"Great Lakes, Ohio",,,,,,,,,,,,C0,True,,Diesel 4-Stroke,VLS IFO,2 x Diesel - MTU 8V4000M54R,,"2 x Kaplan, Propeller",,,False,,,[],[],[],[],[],[],[],,,,,,,,,,,,,1907 Stan Tug Ice Class,,,,,,,,,,,,,,
90466313,9642693.0,Bon Voyage,2011-10-01T00:00:00,Other Dry General Cargo,General Cargo,General Cargo,India,11.33333,419000391.0,Indian Register of Shipping,Fleet,In Service,1210,2225.0,70.0,3.3,13.0,,862956,Flagship Mar India,India,862956,Flagship Mar India,India,Flagship Marine India Pvt. Ltd.,732053,Vijai Marine,India,2225.0,DWT,AVOW,,2009-01-01T00:00:00,2537.1515,Vijai Marine,862956.0,Flagship Mar India,India,862956.0,Flagship Mar India,India,,,,,,,,8.99,Diesel 4-Stroke,VLS MDO,2 x Diesel - Cummins Inc NTA855-M,,2 x FP Propeller,,,False,2027-01-22T00:00:00,2022-03-03T00:00:00,[],[],[],[],[],[],[],,,,,,,,,,,,,,1.0,,,,,,,,,,,,,
